--------- beginning of main
I/UnlockAnimation(24234): UNLOCK_LAUNCHER_PAUSE sessionId=22 uptime=106505684 resumed=false focus=true keyguardLocked=false wasBelowKeyguard=false prepared=false pending=false consumed=false running=false screenOffVisible=false
I/UnlockAnimation(24234): UNLOCK_SCREEN_OFF sessionId=22 uptime=106505911 resumed=false focus=true keyguardLocked=true wasBelowKeyguard=false prepared=false pending=false consumed=false running=false screenOffVisible=true
I/UnlockAnimation(24234): UNLOCK_SESSION_ARMED sessionId=23 uptime=106505915 resumed=false focus=true keyguardLocked=true wasBelowKeyguard=true prepared=false pending=false consumed=false running=false screenOffVisible=false
I/UnlockAnimation(24234): UNLOCK_PREPARE_BEGIN sessionId=23 uptime=106505918 resumed=false focus=true keyguardLocked=true wasBelowKeyguard=true prepared=false pending=false consumed=false running=false screenOffVisible=false
I/UnlockAnimation(24234): UNLOCK_PREPARE_READY sessionId=23 uptime=106505918 resumed=false focus=true keyguardLocked=true wasBelowKeyguard=true prepared=true pending=false consumed=false running=false screenOffVisible=false
I/UnlockAnimation(24234): UNLOCK_TRY_COMMIT sessionId=23 uptime=106505921 resumed=false focus=true keyguardLocked=true wasBelowKeyguard=true prepared=true pending=false consumed=false running=false screenOffVisible=false detail=PREPARE_READY
I/UnlockAnimation(24234): UNLOCK_SKIP_NO_DISMISS sessionId=23 uptime=106505923 resumed=false focus=true keyguardLocked=true wasBelowKeyguard=true prepared=true pending=false consumed=false running=false screenOffVisible=false detail=PREPARE_READY
I/UnlockAnimation(24234): UNLOCK_WINDOW_FOCUS_FALSE sessionId=23 uptime=106505925 resumed=false focus=false keyguardLocked=true wasBelowKeyguard=true prepared=true pending=false consumed=false running=false screenOffVisible=false
I/UnlockAnimation(24234): UNLOCK_LAUNCHER_RESUME sessionId=23 uptime=106509518 resumed=true focus=false keyguardLocked=true wasBelowKeyguard=true prepared=true pending=false consumed=false running=false screenOffVisible=false
I/UnlockAnimation(24234): UNLOCK_TRY_COMMIT sessionId=23 uptime=106509519 resumed=true focus=false keyguardLocked=true wasBelowKeyguard=true prepared=true pending=false consumed=false running=false screenOffVisible=false detail=RESUME
I/UnlockAnimation(24234): UNLOCK_SKIP_NO_DISMISS sessionId=23 uptime=106509519 resumed=true focus=false keyguardLocked=true wasBelowKeyguard=true prepared=true pending=false consumed=false running=false screenOffVisible=false detail=RESUME
I/UnlockAnimation(24234): UNLOCK_USER_PRESENT sessionId=23 uptime=106511251 resumed=true focus=false keyguardLocked=false wasBelowKeyguard=true prepared=true pending=false consumed=false running=false screenOffVisible=false detail=android.intent.action.USER_PRESENT
I/UnlockAnimation(24234): UNLOCK_DISMISS_PENDING sessionId=23 uptime=106511252 resumed=true focus=false keyguardLocked=false wasBelowKeyguard=true prepared=true pending=true consumed=false running=false screenOffVisible=false detail=android.intent.action.USER_PRESENT
I/UnlockAnimation(24234): UNLOCK_TRY_COMMIT sessionId=23 uptime=106511253 resumed=true focus=false keyguardLocked=false wasBelowKeyguard=true prepared=true pending=true consumed=false running=false screenOffVisible=false detail=DISMISS
I/UnlockAnimation(24234): UNLOCK_SKIP_NO_FOCUS sessionId=23 uptime=106511254 resumed=true focus=false keyguardLocked=false wasBelowKeyguard=true prepared=true pending=true consumed=false running=false screenOffVisible=false detail=DISMISS
I/UnlockAnimation(24234): UNLOCK_WINDOW_FOCUS_TRUE sessionId=23 uptime=106511351 resumed=true focus=true keyguardLocked=false wasBelowKeyguard=true prepared=true pending=true consumed=false running=false screenOffVisible=false
I/UnlockAnimation(24234): UNLOCK_TRY_COMMIT sessionId=23 uptime=106511351 resumed=true focus=true keyguardLocked=false wasBelowKeyguard=true prepared=true pending=true consumed=false running=false screenOffVisible=false detail=WINDOW_FOCUS
I/UnlockAnimation(24234): UNLOCK_SESSION_CONSUMED sessionId=23 uptime=106511353 resumed=true focus=true keyguardLocked=false wasBelowKeyguard=true prepared=true pending=false consumed=true running=false screenOffVisible=false detail=WINDOW_FOCUS
I/UnlockAnimation(24234): UNLOCK_COMMIT_PLAY sessionId=23 uptime=106511361 resumed=true focus=true keyguardLocked=false wasBelowKeyguard=true prepared=true pending=false consumed=true running=false screenOffVisible=false detail=WINDOW_FOCUS
I/UnlockAnimation(24234): UNLOCK_ORIGINAL_PLAY_DISPATCHED sessionId=23 uptime=106511361 resumed=true focus=true keyguardLocked=false wasBelowKeyguard=true prepared=true pending=false consumed=true running=false screenOffVisible=false
I/UnlockAnimation(24234): UNLOCK_ANIMATION_START sessionId=23 uptime=106511363 resumed=true focus=true keyguardLocked=false wasBelowKeyguard=true prepared=true pending=false consumed=true running=true screenOffVisible=false
I/UnlockAnimation(24234): UNLOCK_CANCEL_PLAY_TIMEOUT sessionId=23 uptime=106513864 resumed=true focus=true keyguardLocked=false wasBelowKeyguard=true prepared=true pending=false consumed=true running=true screenOffVisible=false
I/UnlockAnimation(24234): UNLOCK_FORCE_FINISH sessionId=23 uptime=106513865 resumed=true focus=true keyguardLocked=false wasBelowKeyguard=false prepared=false pending=false consumed=false running=false screenOffVisible=false
I/UnlockAnimation(24234): UNLOCK_ANIMATION_FINISH sessionId=23 uptime=106513937 resumed=true focus=true keyguardLocked=false wasBelowKeyguard=false prepared=false pending=false consumed=false running=false screenOffVisible=false
I/UnlockAnimation(24234): UNLOCK_LAUNCHER_PAUSE sessionId=23 uptime=106515828 resumed=false focus=true keyguardLocked=false wasBelowKeyguard=false prepared=false pending=false consumed=false running=false screenOffVisible=false
I/UnlockAnimation(24234): UNLOCK_WINDOW_FOCUS_FALSE sessionId=23 uptime=106516075 resumed=false focus=false keyguardLocked=true wasBelowKeyguard=false prepared=false pending=false consumed=false running=false screenOffVisible=true
I/UnlockAnimation(24234): UNLOCK_SCREEN_OFF sessionId=23 uptime=106516150 resumed=false focus=false keyguardLocked=true wasBelowKeyguard=false prepared=false pending=false consumed=false running=false screenOffVisible=true
I/UnlockAnimation(24234): UNLOCK_SESSION_ARMED sessionId=24 uptime=106516155 resumed=false focus=false keyguardLocked=true wasBelowKeyguard=true prepared=false pending=false consumed=false running=false screenOffVisible=false
I/UnlockAnimation(24234): UNLOCK_PREPARE_BEGIN sessionId=24 uptime=106516156 resumed=false focus=false keyguardLocked=true wasBelowKeyguard=true prepared=false pending=false consumed=false running=false screenOffVisible=false
I/UnlockAnimation(24234): UNLOCK_PREPARE_READY sessionId=24 uptime=106516156 resumed=false focus=false keyguardLocked=true wasBelowKeyguard=true prepared=true pending=false consumed=false running=false screenOffVisible=false
I/UnlockAnimation(24234): UNLOCK_TRY_COMMIT sessionId=24 uptime=106516162 resumed=false focus=false keyguardLocked=true wasBelowKeyguard=true prepared=true pending=false consumed=false running=false screenOffVisible=false detail=PREPARE_READY
I/UnlockAnimation(24234): UNLOCK_SKIP_NO_DISMISS sessionId=24 uptime=106516164 resumed=false focus=false keyguardLocked=true wasBelowKeyguard=true prepared=true pending=false consumed=false running=false screenOffVisible=false detail=PREPARE_READY
I/UnlockAnimation(24234): UNLOCK_LAUNCHER_RESUME sessionId=24 uptime=106519199 resumed=true focus=false keyguardLocked=true wasBelowKeyguard=true prepared=true pending=false consumed=false running=false screenOffVisible=false
I/UnlockAnimation(24234): UNLOCK_TRY_COMMIT sessionId=24 uptime=106519200 resumed=true focus=false keyguardLocked=true wasBelowKeyguard=true prepared=true pending=false consumed=false running=false screenOffVisible=false detail=RESUME
I/UnlockAnimation(24234): UNLOCK_SKIP_NO_DISMISS sessionId=24 uptime=106519201 resumed=true focus=false keyguardLocked=true wasBelowKeyguard=true prepared=true pending=false consumed=false running=false screenOffVisible=false detail=RESUME
I/UnlockAnimation(24234): UNLOCK_USER_PRESENT sessionId=24 uptime=106520390 resumed=true focus=false keyguardLocked=false wasBelowKeyguard=true prepared=true pending=false consumed=false running=false screenOffVisible=false detail=android.intent.action.USER_PRESENT
I/UnlockAnimation(24234): UNLOCK_DISMISS_PENDING sessionId=24 uptime=106520392 resumed=true focus=false keyguardLocked=false wasBelowKeyguard=true prepared=true pending=true consumed=false running=false screenOffVisible=false detail=android.intent.action.USER_PRESENT
I/UnlockAnimation(24234): UNLOCK_TRY_COMMIT sessionId=24 uptime=106520393 resumed=true focus=false keyguardLocked=false wasBelowKeyguard=true prepared=true pending=true consumed=false running=false screenOffVisible=false detail=DISMISS
I/UnlockAnimation(24234): UNLOCK_SKIP_NO_FOCUS sessionId=24 uptime=106520394 resumed=true focus=false keyguardLocked=false wasBelowKeyguard=true prepared=true pending=true consumed=false running=false screenOffVisible=false detail=DISMISS
I/UnlockAnimation(24234): UNLOCK_WINDOW_FOCUS_TRUE sessionId=24 uptime=106520653 resumed=true focus=true keyguardLocked=false wasBelowKeyguard=true prepared=true pending=true consumed=false running=false screenOffVisible=false
I/UnlockAnimation(24234): UNLOCK_TRY_COMMIT sessionId=24 uptime=106520654 resumed=true focus=true keyguardLocked=false wasBelowKeyguard=true prepared=true pending=true consumed=false running=false screenOffVisible=false detail=WINDOW_FOCUS
I/UnlockAnimation(24234): UNLOCK_SESSION_CONSUMED sessionId=24 uptime=106520655 resumed=true focus=true keyguardLocked=false wasBelowKeyguard=true prepared=true pending=false consumed=true running=false screenOffVisible=false detail=WINDOW_FOCUS
I/UnlockAnimation(24234): UNLOCK_COMMIT_PLAY sessionId=24 uptime=106520657 resumed=true focus=true keyguardLocked=false wasBelowKeyguard=true prepared=true pending=false consumed=true running=false screenOffVisible=false detail=WINDOW_FOCUS
I/UnlockAnimation(24234): UNLOCK_ORIGINAL_PLAY_DISPATCHED sessionId=24 uptime=106520658 resumed=true focus=true keyguardLocked=false wasBelowKeyguard=true prepared=true pending=false consumed=true running=false screenOffVisible=false
I/UnlockAnimation(24234): UNLOCK_ANIMATION_START sessionId=24 uptime=106520775 resumed=true focus=true keyguardLocked=false wasBelowKeyguard=true prepared=true pending=false consumed=true running=true screenOffVisible=false
I/UnlockAnimation(24234): UNLOCK_CANCEL_PLAY_TIMEOUT sessionId=24 uptime=106523161 resumed=true focus=true keyguardLocked=false wasBelowKeyguard=true prepared=true pending=false consumed=true running=true screenOffVisible=false
I/UnlockAnimation(24234): UNLOCK_FORCE_FINISH sessionId=24 uptime=106523162 resumed=true focus=true keyguardLocked=false wasBelowKeyguard=false prepared=false pending=false consumed=false running=false screenOffVisible=false
I/UnlockAnimation(24234): UNLOCK_ANIMATION_FINISH sessionId=24 uptime=106523193 resumed=true focus=true keyguardLocked=false wasBelowKeyguard=false prepared=false pending=false consumed=false running=false screenOffVisible=false
I/UnlockAnimation(24234): UNLOCK_LAUNCHER_PAUSE sessionId=24 uptime=106525403 resumed=false focus=true keyguardLocked=false wasBelowKeyguard=false prepared=false pending=false consumed=false running=false screenOffVisible=false
I/UnlockAnimation(24234): UNLOCK_SCREEN_OFF sessionId=24 uptime=106525815 resumed=false focus=true keyguardLocked=true wasBelowKeyguard=false prepared=false pending=false consumed=false running=false screenOffVisible=true
I/UnlockAnimation(24234): UNLOCK_SESSION_ARMED sessionId=25 uptime=106525815 resumed=false focus=true keyguardLocked=true wasBelowKeyguard=true prepared=false pending=false consumed=false running=false screenOffVisible=false
I/UnlockAnimation(24234): UNLOCK_PREPARE_BEGIN sessionId=25 uptime=106525816 resumed=false focus=true keyguardLocked=true wasBelowKeyguard=true prepared=false pending=false consumed=false running=false screenOffVisible=false
I/UnlockAnimation(24234): UNLOCK_PREPARE_READY sessionId=25 uptime=106525819 resumed=false focus=true keyguardLocked=true wasBelowKeyguard=true prepared=true pending=false consumed=false running=false screenOffVisible=false
I/UnlockAnimation(24234): UNLOCK_TRY_COMMIT sessionId=25 uptime=106525820 resumed=false focus=true keyguardLocked=true wasBelowKeyguard=true prepared=true pending=false consumed=false running=false screenOffVisible=false detail=PREPARE_READY
I/UnlockAnimation(24234): UNLOCK_SKIP_NO_DISMISS sessionId=25 uptime=106525826 resumed=false focus=true keyguardLocked=true wasBelowKeyguard=true prepared=true pending=false consumed=false running=false screenOffVisible=false detail=PREPARE_READY
I/UnlockAnimation(24234): UNLOCK_WINDOW_FOCUS_FALSE sessionId=25 uptime=106525842 resumed=false focus=false keyguardLocked=true wasBelowKeyguard=true prepared=true pending=false consumed=false running=false screenOffVisible=false
I/UnlockAnimation(24234): UNLOCK_LAUNCHER_RESUME sessionId=25 uptime=106528707 resumed=true focus=false keyguardLocked=true wasBelowKeyguard=true prepared=true pending=false consumed=false running=false screenOffVisible=false
I/UnlockAnimation(24234): UNLOCK_TRY_COMMIT sessionId=25 uptime=106528708 resumed=true focus=false keyguardLocked=true wasBelowKeyguard=true prepared=true pending=false consumed=false running=false screenOffVisible=false detail=RESUME
I/UnlockAnimation(24234): UNLOCK_SKIP_NO_DISMISS sessionId=25 uptime=106528708 resumed=true focus=false keyguardLocked=true wasBelowKeyguard=true prepared=true pending=false consumed=false running=false screenOffVisible=false detail=RESUME
I/UnlockAnimation(24234): UNLOCK_USER_PRESENT sessionId=25 uptime=106530054 resumed=true focus=false keyguardLocked=false wasBelowKeyguard=true prepared=true pending=false consumed=false running=false screenOffVisible=false detail=android.intent.action.USER_PRESENT
I/UnlockAnimation(24234): UNLOCK_DISMISS_PENDING sessionId=25 uptime=106530055 resumed=true focus=false keyguardLocked=false wasBelowKeyguard=true prepared=true pending=true consumed=false running=false screenOffVisible=false detail=android.intent.action.USER_PRESENT
I/UnlockAnimation(24234): UNLOCK_TRY_COMMIT sessionId=25 uptime=106530059 resumed=true focus=false keyguardLocked=false wasBelowKeyguard=true prepared=true pending=true consumed=false running=false screenOffVisible=false detail=DISMISS
I/UnlockAnimation(24234): UNLOCK_SKIP_NO_FOCUS sessionId=25 uptime=106530139 resumed=true focus=false keyguardLocked=false wasBelowKeyguard=true prepared=true pending=true consumed=false running=false screenOffVisible=false detail=DISMISS
I/UnlockAnimation(24234): UNLOCK_WINDOW_FOCUS_TRUE sessionId=25 uptime=106530237 resumed=true focus=true keyguardLocked=false wasBelowKeyguard=true prepared=true pending=true consumed=false running=false screenOffVisible=false
I/UnlockAnimation(24234): UNLOCK_TRY_COMMIT sessionId=25 uptime=106530239 resumed=true focus=true keyguardLocked=false wasBelowKeyguard=true prepared=true pending=true consumed=false running=false screenOffVisible=false detail=WINDOW_FOCUS
I/UnlockAnimation(24234): UNLOCK_SESSION_CONSUMED sessionId=25 uptime=106530241 resumed=true focus=true keyguardLocked=false wasBelowKeyguard=true prepared=true pending=false consumed=true running=false screenOffVisible=false detail=WINDOW_FOCUS
I/UnlockAnimation(24234): UNLOCK_COMMIT_PLAY sessionId=25 uptime=106530243 resumed=true focus=true keyguardLocked=false wasBelowKeyguard=true prepared=true pending=false consumed=true running=false screenOffVisible=false detail=WINDOW_FOCUS
I/UnlockAnimation(24234): UNLOCK_ORIGINAL_PLAY_DISPATCHED sessionId=25 uptime=106530244 resumed=true focus=true keyguardLocked=false wasBelowKeyguard=true prepared=true pending=false consumed=true running=false screenOffVisible=false
I/UnlockAnimation(24234): UNLOCK_ANIMATION_START sessionId=25 uptime=106530247 resumed=true focus=true keyguardLocked=false wasBelowKeyguard=true prepared=true pending=false consumed=true running=true screenOffVisible=false
I/UnlockAnimation(24234): UNLOCK_CANCEL_PLAY_TIMEOUT sessionId=25 uptime=106532745 resumed=true focus=true keyguardLocked=false wasBelowKeyguard=true prepared=true pending=false consumed=true running=true screenOffVisible=false
I/UnlockAnimation(24234): UNLOCK_FORCE_FINISH sessionId=25 uptime=106532747 resumed=true focus=true keyguardLocked=false wasBelowKeyguard=false prepared=false pending=false consumed=false running=false screenOffVisible=false
I/UnlockAnimation(24234): UNLOCK_ANIMATION_FINISH sessionId=25 uptime=106532800 resumed=true focus=true keyguardLocked=false wasBelowKeyguard=false prepared=false pending=false consumed=false running=false screenOffVisible=false
I/UnlockAnimation(24234): UNLOCK_LAUNCHER_PAUSE sessionId=25 uptime=106534735 resumed=false focus=true keyguardLocked=false wasBelowKeyguard=false prepared=false pending=false consumed=false running=false screenOffVisible=false
I/UnlockAnimation(24234): UNLOCK_SCREEN_OFF sessionId=25 uptime=106535044 resumed=false focus=true keyguardLocked=true wasBelowKeyguard=false prepared=false pending=false consumed=false running=false screenOffVisible=true
I/UnlockAnimation(24234): UNLOCK_SESSION_ARMED sessionId=26 uptime=106535056 resumed=false focus=true keyguardLocked=true wasBelowKeyguard=true prepared=false pending=false consumed=false running=false screenOffVisible=false
I/UnlockAnimation(24234): UNLOCK_PREPARE_BEGIN sessionId=26 uptime=106535063 resumed=false focus=true keyguardLocked=true wasBelowKeyguard=true prepared=false pending=false consumed=false running=false screenOffVisible=false
I/UnlockAnimation(24234): UNLOCK_PREPARE_READY sessionId=26 uptime=106535071 resumed=false focus=true keyguardLocked=true wasBelowKeyguard=true prepared=true pending=false consumed=false running=false screenOffVisible=false
I/UnlockAnimation(24234): UNLOCK_TRY_COMMIT sessionId=26 uptime=106535071 resumed=false focus=true keyguardLocked=true wasBelowKeyguard=true prepared=true pending=false consumed=false running=false screenOffVisible=false detail=PREPARE_READY
I/UnlockAnimation(24234): UNLOCK_SKIP_NO_DISMISS sessionId=26 uptime=106535072 resumed=false focus=true keyguardLocked=true wasBelowKeyguard=true prepared=true pending=false consumed=false running=false screenOffVisible=false detail=PREPARE_READY
I/UnlockAnimation(24234): UNLOCK_WINDOW_FOCUS_FALSE sessionId=26 uptime=106535089 resumed=false focus=false keyguardLocked=true wasBelowKeyguard=true prepared=true pending=false consumed=false running=false screenOffVisible=false
I/UnlockAnimation(24234): UNLOCK_LAUNCHER_RESUME sessionId=26 uptime=106538004 resumed=true focus=false keyguardLocked=true wasBelowKeyguard=true prepared=true pending=false consumed=false running=false screenOffVisible=false
I/UnlockAnimation(24234): UNLOCK_TRY_COMMIT sessionId=26 uptime=106538007 resumed=true focus=false keyguardLocked=true wasBelowKeyguard=true prepared=true pending=false consumed=false running=false screenOffVisible=false detail=RESUME
I/UnlockAnimation(24234): UNLOCK_SKIP_NO_DISMISS sessionId=26 uptime=106538008 resumed=true focus=false keyguardLocked=true wasBelowKeyguard=true prepared=true pending=false consumed=false running=false screenOffVisible=false detail=RESUME
I/UnlockAnimation(24234): UNLOCK_USER_PRESENT sessionId=26 uptime=106539270 resumed=true focus=false keyguardLocked=false wasBelowKeyguard=true prepared=true pending=false consumed=false running=false screenOffVisible=false detail=android.intent.action.USER_PRESENT
I/UnlockAnimation(24234): UNLOCK_DISMISS_PENDING sessionId=26 uptime=106539271 resumed=true focus=false keyguardLocked=false wasBelowKeyguard=true prepared=true pending=true consumed=false running=false screenOffVisible=false detail=android.intent.action.USER_PRESENT
I/UnlockAnimation(24234): UNLOCK_TRY_COMMIT sessionId=26 uptime=106539272 resumed=true focus=false keyguardLocked=false wasBelowKeyguard=true prepared=true pending=true consumed=false running=false screenOffVisible=false detail=DISMISS
I/UnlockAnimation(24234): UNLOCK_SKIP_NO_FOCUS sessionId=26 uptime=106539274 resumed=true focus=false keyguardLocked=false wasBelowKeyguard=true prepared=true pending=true consumed=false running=false screenOffVisible=false detail=DISMISS
I/UnlockAnimation(24234): UNLOCK_WINDOW_FOCUS_TRUE sessionId=26 uptime=106539430 resumed=true focus=true keyguardLocked=false wasBelowKeyguard=true prepared=true pending=true consumed=false running=false screenOffVisible=false
I/UnlockAnimation(24234): UNLOCK_TRY_COMMIT sessionId=26 uptime=106539432 resumed=true focus=true keyguardLocked=false wasBelowKeyguard=true prepared=true pending=true consumed=false running=false screenOffVisible=false detail=WINDOW_FOCUS
I/UnlockAnimation(24234): UNLOCK_SESSION_CONSUMED sessionId=26 uptime=106539438 resumed=true focus=true keyguardLocked=false wasBelowKeyguard=true prepared=true pending=false consumed=true running=false screenOffVisible=false detail=WINDOW_FOCUS
I/UnlockAnimation(24234): UNLOCK_COMMIT_PLAY sessionId=26 uptime=106539441 resumed=true focus=true keyguardLocked=false wasBelowKeyguard=true prepared=true pending=false consumed=true running=false screenOffVisible=false detail=WINDOW_FOCUS
I/UnlockAnimation(24234): UNLOCK_ORIGINAL_PLAY_DISPATCHED sessionId=26 uptime=106539443 resumed=true focus=true keyguardLocked=false wasBelowKeyguard=true prepared=true pending=false consumed=true running=false screenOffVisible=false
I/UnlockAnimation(24234): UNLOCK_ANIMATION_START sessionId=26 uptime=106539446 resumed=true focus=true keyguardLocked=false wasBelowKeyguard=true prepared=true pending=false consumed=true running=true screenOffVisible=false
I/UnlockAnimation(24234): UNLOCK_CANCEL_PLAY_TIMEOUT sessionId=26 uptime=106541946 resumed=true focus=true keyguardLocked=false wasBelowKeyguard=true prepared=true pending=false consumed=true running=true screenOffVisible=false
I/UnlockAnimation(24234): UNLOCK_FORCE_FINISH sessionId=26 uptime=106541947 resumed=true focus=true keyguardLocked=false wasBelowKeyguard=false prepared=false pending=false consumed=false running=false screenOffVisible=false
I/UnlockAnimation(24234): UNLOCK_ANIMATION_FINISH sessionId=26 uptime=106541967 resumed=true focus=true keyguardLocked=false wasBelowKeyguard=false prepared=false pending=false consumed=false running=false screenOffVisible=false
I/UnlockAnimation(24234): UNLOCK_LAUNCHER_PAUSE sessionId=26 uptime=106543850 resumed=false focus=true keyguardLocked=false wasBelowKeyguard=false prepared=false pending=false consumed=false running=false screenOffVisible=false
I/UnlockAnimation(24234): UNLOCK_WINDOW_FOCUS_FALSE sessionId=26 uptime=106544071 resumed=false focus=false keyguardLocked=true wasBelowKeyguard=false prepared=false pending=false consumed=false running=false screenOffVisible=true
I/UnlockAnimation(24234): UNLOCK_SCREEN_OFF sessionId=26 uptime=106544117 resumed=false focus=false keyguardLocked=true wasBelowKeyguard=false prepared=false pending=false consumed=false running=false screenOffVisible=true
I/UnlockAnimation(24234): UNLOCK_SESSION_ARMED sessionId=27 uptime=106544118 resumed=false focus=false keyguardLocked=true wasBelowKeyguard=true prepared=false pending=false consumed=false running=false screenOffVisible=false
I/UnlockAnimation(24234): UNLOCK_PREPARE_BEGIN sessionId=27 uptime=106544119 resumed=false focus=false keyguardLocked=true wasBelowKeyguard=true prepared=false pending=false consumed=false running=false screenOffVisible=false
I/UnlockAnimation(24234): UNLOCK_PREPARE_READY sessionId=27 uptime=106544121 resumed=false focus=false keyguardLocked=true wasBelowKeyguard=true prepared=true pending=false consumed=false running=false screenOffVisible=false
I/UnlockAnimation(24234): UNLOCK_TRY_COMMIT sessionId=27 uptime=106544123 resumed=false focus=false keyguardLocked=true wasBelowKeyguard=true prepared=true pending=false consumed=false running=false screenOffVisible=false detail=PREPARE_READY
I/UnlockAnimation(24234): UNLOCK_SKIP_NO_DISMISS sessionId=27 uptime=106544125 resumed=false focus=false keyguardLocked=true wasBelowKeyguard=true prepared=true pending=false consumed=false running=false screenOffVisible=false detail=PREPARE_READY
I/UnlockAnimation(24234): UNLOCK_LAUNCHER_RESUME sessionId=27 uptime=106547526 resumed=true focus=false keyguardLocked=true wasBelowKeyguard=true prepared=true pending=false consumed=false running=false screenOffVisible=false
I/UnlockAnimation(24234): UNLOCK_TRY_COMMIT sessionId=27 uptime=106547526 resumed=true focus=false keyguardLocked=true wasBelowKeyguard=true prepared=true pending=false consumed=false running=false screenOffVisible=false detail=RESUME
I/UnlockAnimation(24234): UNLOCK_SKIP_NO_DISMISS sessionId=27 uptime=106547527 resumed=true focus=false keyguardLocked=true wasBelowKeyguard=true prepared=true pending=false consumed=false running=false screenOffVisible=false detail=RESUME
I/UnlockAnimation(24234): UNLOCK_USER_PRESENT sessionId=27 uptime=106549336 resumed=true focus=false keyguardLocked=false wasBelowKeyguard=true prepared=true pending=false consumed=false running=false screenOffVisible=false detail=android.intent.action.USER_PRESENT
I/UnlockAnimation(24234): UNLOCK_DISMISS_PENDING sessionId=27 uptime=106549338 resumed=true focus=false keyguardLocked=false wasBelowKeyguard=true prepared=true pending=true consumed=false running=false screenOffVisible=false detail=android.intent.action.USER_PRESENT
I/UnlockAnimation(24234): UNLOCK_TRY_COMMIT sessionId=27 uptime=106549339 resumed=true focus=false keyguardLocked=false wasBelowKeyguard=true prepared=true pending=true consumed=false running=false screenOffVisible=false detail=DISMISS
I/UnlockAnimation(24234): UNLOCK_SKIP_NO_FOCUS sessionId=27 uptime=106549340 resumed=true focus=false keyguardLocked=false wasBelowKeyguard=true prepared=true pending=true consumed=false running=false screenOffVisible=false detail=DISMISS
I/UnlockAnimation(24234): UNLOCK_WINDOW_FOCUS_TRUE sessionId=27 uptime=106549541 resumed=true focus=true keyguardLocked=false wasBelowKeyguard=true prepared=true pending=true consumed=false running=false screenOffVisible=false
I/UnlockAnimation(24234): UNLOCK_TRY_COMMIT sessionId=27 uptime=106549637 resumed=true focus=true keyguardLocked=false wasBelowKeyguard=true prepared=true pending=true consumed=false running=false screenOffVisible=false detail=WINDOW_FOCUS
I/UnlockAnimation(24234): UNLOCK_SESSION_CONSUMED sessionId=27 uptime=106549650 resumed=true focus=true keyguardLocked=false wasBelowKeyguard=true prepared=true pending=false consumed=true running=false screenOffVisible=false detail=WINDOW_FOCUS
I/UnlockAnimation(24234): UNLOCK_COMMIT_PLAY sessionId=27 uptime=106549651 resumed=true focus=true keyguardLocked=false wasBelowKeyguard=true prepared=true pending=false consumed=true running=false screenOffVisible=false detail=WINDOW_FOCUS
I/UnlockAnimation(24234): UNLOCK_ORIGINAL_PLAY_DISPATCHED sessionId=27 uptime=106549652 resumed=true focus=true keyguardLocked=false wasBelowKeyguard=true prepared=true pending=false consumed=true running=false screenOffVisible=false
I/UnlockAnimation(24234): UNLOCK_ANIMATION_START sessionId=27 uptime=106549660 resumed=true focus=true keyguardLocked=false wasBelowKeyguard=true prepared=true pending=false consumed=true running=true screenOffVisible=false
I/UnlockAnimation(24234): UNLOCK_CANCEL_PLAY_TIMEOUT sessionId=27 uptime=106552157 resumed=true focus=true keyguardLocked=false wasBelowKeyguard=true prepared=true pending=false consumed=true running=true screenOffVisible=false
I/UnlockAnimation(24234): UNLOCK_FORCE_FINISH sessionId=27 uptime=106552158 resumed=true focus=true keyguardLocked=false wasBelowKeyguard=false prepared=false pending=false consumed=false running=false screenOffVisible=false
I/UnlockAnimation(24234): UNLOCK_ANIMATION_FINISH sessionId=27 uptime=106552188 resumed=true focus=true keyguardLocked=false wasBelowKeyguard=false prepared=false pending=false consumed=false running=false screenOffVisible=false
I/UnlockAnimation(24234): UNLOCK_LAUNCHER_PAUSE sessionId=27 uptime=106553964 resumed=false focus=true keyguardLocked=false wasBelowKeyguard=false prepared=false pending=false consumed=false running=false screenOffVisible=false
I/UnlockAnimation(24234): UNLOCK_SCREEN_OFF sessionId=27 uptime=106554266 resumed=false focus=true keyguardLocked=true wasBelowKeyguard=false prepared=false pending=false consumed=false running=false screenOffVisible=true
I/UnlockAnimation(24234): UNLOCK_SESSION_ARMED sessionId=28 uptime=106554269 resumed=false focus=true keyguardLocked=true wasBelowKeyguard=true prepared=false pending=false consumed=false running=false screenOffVisible=false
I/UnlockAnimation(24234): UNLOCK_PREPARE_BEGIN sessionId=28 uptime=106554270 resumed=false focus=true keyguardLocked=true wasBelowKeyguard=true prepared=false pending=false consumed=false running=false screenOffVisible=false
I/UnlockAnimation(24234): UNLOCK_PREPARE_READY sessionId=28 uptime=106554270 resumed=false focus=true keyguardLocked=true wasBelowKeyguard=true prepared=true pending=false consumed=false running=false screenOffVisible=false
I/UnlockAnimation(24234): UNLOCK_TRY_COMMIT sessionId=28 uptime=106554271 resumed=false focus=true keyguardLocked=true wasBelowKeyguard=true prepared=true pending=false consumed=false running=false screenOffVisible=false detail=PREPARE_READY
I/UnlockAnimation(24234): UNLOCK_SKIP_NO_DISMISS sessionId=28 uptime=106554273 resumed=false focus=true keyguardLocked=true wasBelowKeyguard=true prepared=true pending=false consumed=false running=false screenOffVisible=false detail=PREPARE_READY
I/UnlockAnimation(24234): UNLOCK_WINDOW_FOCUS_FALSE sessionId=28 uptime=106554274 resumed=false focus=false keyguardLocked=true wasBelowKeyguard=true prepared=true pending=false consumed=false running=false screenOffVisible=false
I/UnlockAnimation(24234): UNLOCK_LAUNCHER_RESUME sessionId=28 uptime=106557839 resumed=true focus=false keyguardLocked=true wasBelowKeyguard=true prepared=true pending=false consumed=false running=false screenOffVisible=false
I/UnlockAnimation(24234): UNLOCK_TRY_COMMIT sessionId=28 uptime=106557839 resumed=true focus=false keyguardLocked=true wasBelowKeyguard=true prepared=true pending=false consumed=false running=false screenOffVisible=false detail=RESUME
I/UnlockAnimation(24234): UNLOCK_SKIP_NO_DISMISS sessionId=28 uptime=106557840 resumed=true focus=false keyguardLocked=true wasBelowKeyguard=true prepared=true pending=false consumed=false running=false screenOffVisible=false detail=RESUME
I/UnlockAnimation(24234): UNLOCK_USER_PRESENT sessionId=28 uptime=106559620 resumed=true focus=false keyguardLocked=false wasBelowKeyguard=true prepared=true pending=false consumed=false running=false screenOffVisible=false detail=android.intent.action.USER_PRESENT
I/UnlockAnimation(24234): UNLOCK_DISMISS_PENDING sessionId=28 uptime=106559621 resumed=true focus=false keyguardLocked=false wasBelowKeyguard=true prepared=true pending=true consumed=false running=false screenOffVisible=false detail=android.intent.action.USER_PRESENT
I/UnlockAnimation(24234): UNLOCK_TRY_COMMIT sessionId=28 uptime=106559621 resumed=true focus=false keyguardLocked=false wasBelowKeyguard=true prepared=true pending=true consumed=false running=false screenOffVisible=false detail=DISMISS
I/UnlockAnimation(24234): UNLOCK_SKIP_NO_FOCUS sessionId=28 uptime=106559622 resumed=true focus=false keyguardLocked=false wasBelowKeyguard=true prepared=true pending=true consumed=false running=false screenOffVisible=false detail=DISMISS
I/UnlockAnimation(24234): UNLOCK_WINDOW_FOCUS_TRUE sessionId=28 uptime=106559761 resumed=true focus=true keyguardLocked=false wasBelowKeyguard=true prepared=true pending=true consumed=false running=false screenOffVisible=false
I/UnlockAnimation(24234): UNLOCK_TRY_COMMIT sessionId=28 uptime=106559764 resumed=true focus=true keyguardLocked=false wasBelowKeyguard=true prepared=true pending=true consumed=false running=false screenOffVisible=false detail=WINDOW_FOCUS
I/UnlockAnimation(24234): UNLOCK_SESSION_CONSUMED sessionId=28 uptime=106559767 resumed=true focus=true keyguardLocked=false wasBelowKeyguard=true prepared=true pending=false consumed=true running=false screenOffVisible=false detail=WINDOW_FOCUS
I/UnlockAnimation(24234): UNLOCK_COMMIT_PLAY sessionId=28 uptime=106559767 resumed=true focus=true keyguardLocked=false wasBelowKeyguard=true prepared=true pending=false consumed=true running=false screenOffVisible=false detail=WINDOW_FOCUS
I/UnlockAnimation(24234): UNLOCK_ORIGINAL_PLAY_DISPATCHED sessionId=28 uptime=106559771 resumed=true focus=true keyguardLocked=false wasBelowKeyguard=true prepared=true pending=false consumed=true running=false screenOffVisible=false
I/UnlockAnimation(24234): UNLOCK_ANIMATION_START sessionId=28 uptime=106559775 resumed=true focus=true keyguardLocked=false wasBelowKeyguard=true prepared=true pending=false consumed=true running=true screenOffVisible=false
I/UnlockAnimation(24234): UNLOCK_CANCEL_PLAY_TIMEOUT sessionId=28 uptime=106562274 resumed=true focus=true keyguardLocked=false wasBelowKeyguard=true prepared=true pending=false consumed=true running=true screenOffVisible=false
I/UnlockAnimation(24234): UNLOCK_FORCE_FINISH sessionId=28 uptime=106562275 resumed=true focus=true keyguardLocked=false wasBelowKeyguard=false prepared=false pending=false consumed=false running=false screenOffVisible=false
I/UnlockAnimation(24234): UNLOCK_ANIMATION_FINISH sessionId=28 uptime=106562294 resumed=true focus=true keyguardLocked=false wasBelowKeyguard=false prepared=false pending=false consumed=false running=false screenOffVisible=false
I/UnlockAnimation(24234): UNLOCK_LAUNCHER_PAUSE sessionId=28 uptime=106563965 resumed=false focus=true keyguardLocked=false wasBelowKeyguard=false prepared=false pending=false consumed=false running=false screenOffVisible=false
I/UnlockAnimation(24234): UNLOCK_SCREEN_OFF sessionId=28 uptime=106564378 resumed=false focus=true keyguardLocked=true wasBelowKeyguard=false prepared=false pending=false consumed=false running=false screenOffVisible=true
I/UnlockAnimation(24234): UNLOCK_SESSION_ARMED sessionId=29 uptime=106564384 resumed=false focus=true keyguardLocked=true wasBelowKeyguard=true prepared=false pending=false consumed=false running=false screenOffVisible=false
I/UnlockAnimation(24234): UNLOCK_PREPARE_BEGIN sessionId=29 uptime=106564386 resumed=false focus=true keyguardLocked=true wasBelowKeyguard=true prepared=false pending=false consumed=false running=false screenOffVisible=false
I/UnlockAnimation(24234): UNLOCK_PREPARE_READY sessionId=29 uptime=106564394 resumed=false focus=true keyguardLocked=true wasBelowKeyguard=true prepared=true pending=false consumed=false running=false screenOffVisible=false
I/UnlockAnimation(24234): UNLOCK_TRY_COMMIT sessionId=29 uptime=106564395 resumed=false focus=true keyguardLocked=true wasBelowKeyguard=true prepared=true pending=false consumed=false running=false screenOffVisible=false detail=PREPARE_READY
I/UnlockAnimation(24234): UNLOCK_SKIP_NO_DISMISS sessionId=29 uptime=106564406 resumed=false focus=true keyguardLocked=true wasBelowKeyguard=true prepared=true pending=false consumed=false running=false screenOffVisible=false detail=PREPARE_READY
I/UnlockAnimation(24234): UNLOCK_WINDOW_FOCUS_FALSE sessionId=29 uptime=106564413 resumed=false focus=false keyguardLocked=true wasBelowKeyguard=true prepared=true pending=false consumed=false running=false screenOffVisible=false
I/UnlockAnimation(24234): UNLOCK_LAUNCHER_RESUME sessionId=29 uptime=106567407 resumed=true focus=false keyguardLocked=true wasBelowKeyguard=true prepared=true pending=false consumed=false running=false screenOffVisible=false
I/UnlockAnimation(24234): UNLOCK_TRY_COMMIT sessionId=29 uptime=106567407 resumed=true focus=false keyguardLocked=true wasBelowKeyguard=true prepared=true pending=false consumed=false running=false screenOffVisible=false detail=RESUME
I/UnlockAnimation(24234): UNLOCK_SKIP_NO_DISMISS sessionId=29 uptime=106567408 resumed=true focus=false keyguardLocked=true wasBelowKeyguard=true prepared=true pending=false consumed=false running=false screenOffVisible=false detail=RESUME
I/UnlockAnimation(24234): UNLOCK_USER_PRESENT sessionId=29 uptime=106569106 resumed=true focus=false keyguardLocked=false wasBelowKeyguard=true prepared=true pending=false consumed=false running=false screenOffVisible=false detail=android.intent.action.USER_PRESENT
I/UnlockAnimation(24234): UNLOCK_DISMISS_PENDING sessionId=29 uptime=106569107 resumed=true focus=false keyguardLocked=false wasBelowKeyguard=true prepared=true pending=true consumed=false running=false screenOffVisible=false detail=android.intent.action.USER_PRESENT
I/UnlockAnimation(24234): UNLOCK_TRY_COMMIT sessionId=29 uptime=106569107 resumed=true focus=false keyguardLocked=false wasBelowKeyguard=true prepared=true pending=true consumed=false running=false screenOffVisible=false detail=DISMISS
I/UnlockAnimation(24234): UNLOCK_SKIP_NO_FOCUS sessionId=29 uptime=106569110 resumed=true focus=false keyguardLocked=false wasBelowKeyguard=true prepared=true pending=true consumed=false running=false screenOffVisible=false detail=DISMISS
I/UnlockAnimation(24234): UNLOCK_WINDOW_FOCUS_TRUE sessionId=29 uptime=106569336 resumed=true focus=true keyguardLocked=false wasBelowKeyguard=true prepared=true pending=true consumed=false running=false screenOffVisible=false
I/UnlockAnimation(24234): UNLOCK_TRY_COMMIT sessionId=29 uptime=106569341 resumed=true focus=true keyguardLocked=false wasBelowKeyguard=true prepared=true pending=true consumed=false running=false screenOffVisible=false detail=WINDOW_FOCUS
I/UnlockAnimation(24234): UNLOCK_SESSION_CONSUMED sessionId=29 uptime=106569343 resumed=true focus=true keyguardLocked=false wasBelowKeyguard=true prepared=true pending=false consumed=true running=false screenOffVisible=false detail=WINDOW_FOCUS
I/UnlockAnimation(24234): UNLOCK_COMMIT_PLAY sessionId=29 uptime=106569344 resumed=true focus=true keyguardLocked=false wasBelowKeyguard=true prepared=true pending=false consumed=true running=false screenOffVisible=false detail=WINDOW_FOCUS
I/UnlockAnimation(24234): UNLOCK_ORIGINAL_PLAY_DISPATCHED sessionId=29 uptime=106569346 resumed=true focus=true keyguardLocked=false wasBelowKeyguard=true prepared=true pending=false consumed=true running=false screenOffVisible=false
I/UnlockAnimation(24234): UNLOCK_ANIMATION_START sessionId=29 uptime=106569364 resumed=true focus=true keyguardLocked=false wasBelowKeyguard=true prepared=true pending=false consumed=true running=true screenOffVisible=false
I/UnlockAnimation(24234): UNLOCK_CANCEL_PLAY_TIMEOUT sessionId=29 uptime=106571849 resumed=true focus=true keyguardLocked=false wasBelowKeyguard=true prepared=true pending=false consumed=true running=true screenOffVisible=false
I/UnlockAnimation(24234): UNLOCK_FORCE_FINISH sessionId=29 uptime=106571850 resumed=true focus=true keyguardLocked=false wasBelowKeyguard=false prepared=false pending=false consumed=false running=false screenOffVisible=false
I/UnlockAnimation(24234): UNLOCK_ANIMATION_FINISH sessionId=29 uptime=106572094 resumed=true focus=true keyguardLocked=false wasBelowKeyguard=false prepared=false pending=false consumed=false running=false screenOffVisible=false
I/UnlockAnimation(24234): UNLOCK_LAUNCHER_PAUSE sessionId=29 uptime=106573699 resumed=false focus=true keyguardLocked=false wasBelowKeyguard=false prepared=false pending=false consumed=false running=false screenOffVisible=false
I/UnlockAnimation(24234): UNLOCK_SCREEN_OFF sessionId=29 uptime=106574139 resumed=false focus=true keyguardLocked=true wasBelowKeyguard=false prepared=false pending=false consumed=false running=false screenOffVisible=true
I/UnlockAnimation(24234): UNLOCK_SESSION_ARMED sessionId=30 uptime=106574139 resumed=false focus=true keyguardLocked=true wasBelowKeyguard=true prepared=false pending=false consumed=false running=false screenOffVisible=false
I/UnlockAnimation(24234): UNLOCK_PREPARE_BEGIN sessionId=30 uptime=106574141 resumed=false focus=true keyguardLocked=true wasBelowKeyguard=true prepared=false pending=false consumed=false running=false screenOffVisible=false
I/UnlockAnimation(24234): UNLOCK_PREPARE_READY sessionId=30 uptime=106574141 resumed=false focus=true keyguardLocked=true wasBelowKeyguard=true prepared=true pending=false consumed=false running=false screenOffVisible=false
I/UnlockAnimation(24234): UNLOCK_TRY_COMMIT sessionId=30 uptime=106574145 resumed=false focus=true keyguardLocked=true wasBelowKeyguard=true prepared=true pending=false consumed=false running=false screenOffVisible=false detail=PREPARE_READY
I/UnlockAnimation(24234): UNLOCK_SKIP_NO_DISMISS sessionId=30 uptime=106574146 resumed=false focus=true keyguardLocked=true wasBelowKeyguard=true prepared=true pending=false consumed=false running=false screenOffVisible=false detail=PREPARE_READY
I/UnlockAnimation(24234): UNLOCK_WINDOW_FOCUS_FALSE sessionId=30 uptime=106574150 resumed=false focus=false keyguardLocked=true wasBelowKeyguard=true prepared=true pending=false consumed=false running=false screenOffVisible=false
I/UnlockAnimation(24234): UNLOCK_LAUNCHER_RESUME sessionId=30 uptime=106576950 resumed=true focus=false keyguardLocked=true wasBelowKeyguard=true prepared=true pending=false consumed=false running=false screenOffVisible=false
I/UnlockAnimation(24234): UNLOCK_TRY_COMMIT sessionId=30 uptime=106576950 resumed=true focus=false keyguardLocked=true wasBelowKeyguard=true prepared=true pending=false consumed=false running=false screenOffVisible=false detail=RESUME
I/UnlockAnimation(24234): UNLOCK_SKIP_NO_DISMISS sessionId=30 uptime=106576950 resumed=true focus=false keyguardLocked=true wasBelowKeyguard=true prepared=true pending=false consumed=false running=false screenOffVisible=false detail=RESUME
I/UnlockAnimation(24234): UNLOCK_USER_PRESENT sessionId=30 uptime=106578611 resumed=true focus=false keyguardLocked=false wasBelowKeyguard=true prepared=true pending=false consumed=false running=false screenOffVisible=false detail=android.intent.action.USER_PRESENT
I/UnlockAnimation(24234): UNLOCK_DISMISS_PENDING sessionId=30 uptime=106578614 resumed=true focus=false keyguardLocked=false wasBelowKeyguard=true prepared=true pending=true consumed=false running=false screenOffVisible=false detail=android.intent.action.USER_PRESENT
I/UnlockAnimation(24234): UNLOCK_TRY_COMMIT sessionId=30 uptime=106578617 resumed=true focus=false keyguardLocked=false wasBelowKeyguard=true prepared=true pending=true consumed=false running=false screenOffVisible=false detail=DISMISS
I/UnlockAnimation(24234): UNLOCK_SKIP_NO_FOCUS sessionId=30 uptime=106578619 resumed=true focus=false keyguardLocked=false wasBelowKeyguard=true prepared=true pending=true consumed=false running=false screenOffVisible=false detail=DISMISS
I/UnlockAnimation(24234): UNLOCK_WINDOW_FOCUS_TRUE sessionId=30 uptime=106578806 resumed=true focus=true keyguardLocked=false wasBelowKeyguard=true prepared=true pending=true consumed=false running=false screenOffVisible=false
I/UnlockAnimation(24234): UNLOCK_TRY_COMMIT sessionId=30 uptime=106578807 resumed=true focus=true keyguardLocked=false wasBelowKeyguard=true prepared=true pending=true consumed=false running=false screenOffVisible=false detail=WINDOW_FOCUS
I/UnlockAnimation(24234): UNLOCK_SESSION_CONSUMED sessionId=30 uptime=106578808 resumed=true focus=true keyguardLocked=false wasBelowKeyguard=true prepared=true pending=false consumed=true running=false screenOffVisible=false detail=WINDOW_FOCUS
I/UnlockAnimation(24234): UNLOCK_COMMIT_PLAY sessionId=30 uptime=106578809 resumed=true focus=true keyguardLocked=false wasBelowKeyguard=true prepared=true pending=false consumed=true running=false screenOffVisible=false detail=WINDOW_FOCUS
I/UnlockAnimation(24234): UNLOCK_ORIGINAL_PLAY_DISPATCHED sessionId=30 uptime=106578810 resumed=true focus=true keyguardLocked=false wasBelowKeyguard=true prepared=true pending=false consumed=true running=false screenOffVisible=false
I/UnlockAnimation(24234): UNLOCK_ANIMATION_START sessionId=30 uptime=106578813 resumed=true focus=true keyguardLocked=false wasBelowKeyguard=true prepared=true pending=false consumed=true running=true screenOffVisible=false
I/UnlockAnimation(24234): UNLOCK_CANCEL_PLAY_TIMEOUT sessionId=30 uptime=106581314 resumed=true focus=true keyguardLocked=false wasBelowKeyguard=true prepared=true pending=false consumed=true running=true screenOffVisible=false
I/UnlockAnimation(24234): UNLOCK_FORCE_FINISH sessionId=30 uptime=106581315 resumed=true focus=true keyguardLocked=false wasBelowKeyguard=false prepared=false pending=false consumed=false running=false screenOffVisible=false
I/UnlockAnimation(24234): UNLOCK_ANIMATION_FINISH sessionId=30 uptime=106581374 resumed=true focus=true keyguardLocked=false wasBelowKeyguard=false prepared=false pending=false consumed=false running=false screenOffVisible=false
I/UnlockAnimation(24234): UNLOCK_LAUNCHER_PAUSE sessionId=30 uptime=106583105 resumed=false focus=true keyguardLocked=false wasBelowKeyguard=false prepared=false pending=false consumed=false running=false screenOffVisible=false
I/UnlockAnimation(24234): UNLOCK_WINDOW_FOCUS_FALSE sessionId=30 uptime=106583411 resumed=false focus=false keyguardLocked=true wasBelowKeyguard=false prepared=false pending=false consumed=false running=false screenOffVisible=true
I/UnlockAnimation(24234): UNLOCK_SCREEN_OFF sessionId=30 uptime=106583433 resumed=false focus=false keyguardLocked=true wasBelowKeyguard=false prepared=false pending=false consumed=false running=false screenOffVisible=true
I/UnlockAnimation(24234): UNLOCK_SESSION_ARMED sessionId=31 uptime=106583437 resumed=false focus=false keyguardLocked=true wasBelowKeyguard=true prepared=false pending=false consumed=false running=false screenOffVisible=false
I/UnlockAnimation(24234): UNLOCK_PREPARE_BEGIN sessionId=31 uptime=106583445 resumed=false focus=false keyguardLocked=true wasBelowKeyguard=true prepared=false pending=false consumed=false running=false screenOffVisible=false
I/UnlockAnimation(24234): UNLOCK_PREPARE_READY sessionId=31 uptime=106583449 resumed=false focus=false keyguardLocked=true wasBelowKeyguard=true prepared=true pending=false consumed=false running=false screenOffVisible=false
I/UnlockAnimation(24234): UNLOCK_TRY_COMMIT sessionId=31 uptime=106583453 resumed=false focus=false keyguardLocked=true wasBelowKeyguard=true prepared=true pending=false consumed=false running=false screenOffVisible=false detail=PREPARE_READY
I/UnlockAnimation(24234): UNLOCK_SKIP_NO_DISMISS sessionId=31 uptime=106583453 resumed=false focus=false keyguardLocked=true wasBelowKeyguard=true prepared=true pending=false consumed=false running=false screenOffVisible=false detail=PREPARE_READY
I/UnlockAnimation(24234): UNLOCK_LAUNCHER_RESUME sessionId=31 uptime=106586720 resumed=true focus=false keyguardLocked=true wasBelowKeyguard=true prepared=true pending=false consumed=false running=false screenOffVisible=false
I/UnlockAnimation(24234): UNLOCK_TRY_COMMIT sessionId=31 uptime=106586721 resumed=true focus=false keyguardLocked=true wasBelowKeyguard=true prepared=true pending=false consumed=false running=false screenOffVisible=false detail=RESUME
I/UnlockAnimation(24234): UNLOCK_SKIP_NO_DISMISS sessionId=31 uptime=106586722 resumed=true focus=false keyguardLocked=true wasBelowKeyguard=true prepared=true pending=false consumed=false running=false screenOffVisible=false detail=RESUME
I/UnlockAnimation(24234): UNLOCK_USER_PRESENT sessionId=31 uptime=106588281 resumed=true focus=false keyguardLocked=false wasBelowKeyguard=true prepared=true pending=false consumed=false running=false screenOffVisible=false detail=android.intent.action.USER_PRESENT
I/UnlockAnimation(24234): UNLOCK_DISMISS_PENDING sessionId=31 uptime=106588289 resumed=true focus=false keyguardLocked=false wasBelowKeyguard=true prepared=true pending=true consumed=false running=false screenOffVisible=false detail=android.intent.action.USER_PRESENT
I/UnlockAnimation(24234): UNLOCK_TRY_COMMIT sessionId=31 uptime=106588293 resumed=true focus=false keyguardLocked=false wasBelowKeyguard=true prepared=true pending=true consumed=false running=false screenOffVisible=false detail=DISMISS
I/UnlockAnimation(24234): UNLOCK_SKIP_NO_FOCUS sessionId=31 uptime=106588302 resumed=true focus=false keyguardLocked=false wasBelowKeyguard=true prepared=true pending=true consumed=false running=false screenOffVisible=false detail=DISMISS
I/UnlockAnimation(24234): UNLOCK_WINDOW_FOCUS_TRUE sessionId=31 uptime=106588461 resumed=true focus=true keyguardLocked=false wasBelowKeyguard=true prepared=true pending=true consumed=false running=false screenOffVisible=false
I/UnlockAnimation(24234): UNLOCK_TRY_COMMIT sessionId=31 uptime=106588462 resumed=true focus=true keyguardLocked=false wasBelowKeyguard=true prepared=true pending=true consumed=false running=false screenOffVisible=false detail=WINDOW_FOCUS
I/UnlockAnimation(24234): UNLOCK_SESSION_CONSUMED sessionId=31 uptime=106588466 resumed=true focus=true keyguardLocked=false wasBelowKeyguard=true prepared=true pending=false consumed=true running=false screenOffVisible=false detail=WINDOW_FOCUS
I/UnlockAnimation(24234): UNLOCK_COMMIT_PLAY sessionId=31 uptime=106588467 resumed=true focus=true keyguardLocked=false wasBelowKeyguard=true prepared=true pending=false consumed=true running=false screenOffVisible=false detail=WINDOW_FOCUS
I/UnlockAnimation(24234): UNLOCK_ORIGINAL_PLAY_DISPATCHED sessionId=31 uptime=106588467 resumed=true focus=true keyguardLocked=false wasBelowKeyguard=true prepared=true pending=false consumed=true running=false screenOffVisible=false
I/UnlockAnimation(24234): UNLOCK_ANIMATION_START sessionId=31 uptime=106588474 resumed=true focus=true keyguardLocked=false wasBelowKeyguard=true prepared=true pending=false consumed=true running=true screenOffVisible=false
I/UnlockAnimation(24234): UNLOCK_CANCEL_PLAY_TIMEOUT sessionId=31 uptime=106590969 resumed=true focus=true keyguardLocked=false wasBelowKeyguard=true prepared=true pending=false consumed=true running=true screenOffVisible=false
I/UnlockAnimation(24234): UNLOCK_FORCE_FINISH sessionId=31 uptime=106590970 resumed=true focus=true keyguardLocked=false wasBelowKeyguard=false prepared=false pending=false consumed=false running=false screenOffVisible=false
I/UnlockAnimation(24234): UNLOCK_ANIMATION_FINISH sessionId=31 uptime=106590992 resumed=true focus=true keyguardLocked=false wasBelowKeyguard=false prepared=false pending=false consumed=false running=false screenOffVisible=false
I/UnlockAnimation(24234): UNLOCK_LAUNCHER_PAUSE sessionId=31 uptime=106593143 resumed=false focus=true keyguardLocked=false wasBelowKeyguard=false prepared=false pending=false consumed=false running=false screenOffVisible=false
I/UnlockAnimation(24234): UNLOCK_SCREEN_OFF sessionId=31 uptime=106593442 resumed=false focus=true keyguardLocked=true wasBelowKeyguard=false prepared=false pending=false consumed=false running=false screenOffVisible=true
I/UnlockAnimation(24234): UNLOCK_SESSION_ARMED sessionId=32 uptime=106593466 resumed=false focus=true keyguardLocked=true wasBelowKeyguard=true prepared=false pending=false consumed=false running=false screenOffVisible=false
I/UnlockAnimation(24234): UNLOCK_PREPARE_BEGIN sessionId=32 uptime=106593478 resumed=false focus=true keyguardLocked=true wasBelowKeyguard=true prepared=false pending=false consumed=false running=false screenOffVisible=false
I/UnlockAnimation(24234): UNLOCK_PREPARE_READY sessionId=32 uptime=106593487 resumed=false focus=true keyguardLocked=true wasBelowKeyguard=true prepared=true pending=false consumed=false running=false screenOffVisible=false
I/UnlockAnimation(24234): UNLOCK_TRY_COMMIT sessionId=32 uptime=106593490 resumed=false focus=true keyguardLocked=true wasBelowKeyguard=true prepared=true pending=false consumed=false running=false screenOffVisible=false detail=PREPARE_READY
I/UnlockAnimation(24234): UNLOCK_SKIP_NO_DISMISS sessionId=32 uptime=106593492 resumed=false focus=true keyguardLocked=true wasBelowKeyguard=true prepared=true pending=false consumed=false running=false screenOffVisible=false detail=PREPARE_READY
I/UnlockAnimation(24234): UNLOCK_WINDOW_FOCUS_FALSE sessionId=32 uptime=106593524 resumed=false focus=false keyguardLocked=true wasBelowKeyguard=true prepared=true pending=false consumed=false running=false screenOffVisible=false
I/UnlockAnimation(24234): UNLOCK_LAUNCHER_RESUME sessionId=32 uptime=106596582 resumed=true focus=false keyguardLocked=true wasBelowKeyguard=true prepared=true pending=false consumed=false running=false screenOffVisible=false
I/UnlockAnimation(24234): UNLOCK_TRY_COMMIT sessionId=32 uptime=106596583 resumed=true focus=false keyguardLocked=true wasBelowKeyguard=true prepared=true pending=false consumed=false running=false screenOffVisible=false detail=RESUME
I/UnlockAnimation(24234): UNLOCK_SKIP_NO_DISMISS sessionId=32 uptime=106596584 resumed=true focus=false keyguardLocked=true wasBelowKeyguard=true prepared=true pending=false consumed=false running=false screenOffVisible=false detail=RESUME
I/UnlockAnimation(24234): UNLOCK_USER_PRESENT sessionId=32 uptime=106597967 resumed=true focus=false keyguardLocked=false wasBelowKeyguard=true prepared=true pending=false consumed=false running=false screenOffVisible=false detail=android.intent.action.USER_PRESENT
I/UnlockAnimation(24234): UNLOCK_DISMISS_PENDING sessionId=32 uptime=106597973 resumed=true focus=false keyguardLocked=false wasBelowKeyguard=true prepared=true pending=true consumed=false running=false screenOffVisible=false detail=android.intent.action.USER_PRESENT
I/UnlockAnimation(24234): UNLOCK_TRY_COMMIT sessionId=32 uptime=106597974 resumed=true focus=false keyguardLocked=false wasBelowKeyguard=true prepared=true pending=true consumed=false running=false screenOffVisible=false detail=DISMISS
I/UnlockAnimation(24234): UNLOCK_SKIP_NO_FOCUS sessionId=32 uptime=106597981 resumed=true focus=false keyguardLocked=false wasBelowKeyguard=true prepared=true pending=true consumed=false running=false screenOffVisible=false detail=DISMISS
I/UnlockAnimation(24234): UNLOCK_WINDOW_FOCUS_TRUE sessionId=32 uptime=106598151 resumed=true focus=true keyguardLocked=false wasBelowKeyguard=true prepared=true pending=true consumed=false running=false screenOffVisible=false
I/UnlockAnimation(24234): UNLOCK_TRY_COMMIT sessionId=32 uptime=106598157 resumed=true focus=true keyguardLocked=false wasBelowKeyguard=true prepared=true pending=true consumed=false running=false screenOffVisible=false detail=WINDOW_FOCUS
I/UnlockAnimation(24234): UNLOCK_SESSION_CONSUMED sessionId=32 uptime=106598161 resumed=true focus=true keyguardLocked=false wasBelowKeyguard=true prepared=true pending=false consumed=true running=false screenOffVisible=false detail=WINDOW_FOCUS
I/UnlockAnimation(24234): UNLOCK_COMMIT_PLAY sessionId=32 uptime=106598164 resumed=true focus=true keyguardLocked=false wasBelowKeyguard=true prepared=true pending=false consumed=true running=false screenOffVisible=false detail=WINDOW_FOCUS
I/UnlockAnimation(24234): UNLOCK_ORIGINAL_PLAY_DISPATCHED sessionId=32 uptime=106598165 resumed=true focus=true keyguardLocked=false wasBelowKeyguard=true prepared=true pending=false consumed=true running=false screenOffVisible=false
I/UnlockAnimation(24234): UNLOCK_ANIMATION_START sessionId=32 uptime=106598180 resumed=true focus=true keyguardLocked=false wasBelowKeyguard=true prepared=true pending=false consumed=true running=true screenOffVisible=false
I/UnlockAnimation(24234): UNLOCK_CANCEL_PLAY_TIMEOUT sessionId=32 uptime=106600669 resumed=true focus=true keyguardLocked=false wasBelowKeyguard=true prepared=true pending=false consumed=true running=true screenOffVisible=false
I/UnlockAnimation(24234): UNLOCK_FORCE_FINISH sessionId=32 uptime=106600670 resumed=true focus=true keyguardLocked=false wasBelowKeyguard=false prepared=false pending=false consumed=false running=false screenOffVisible=false
I/UnlockAnimation(24234): UNLOCK_ANIMATION_FINISH sessionId=32 uptime=106600674 resumed=true focus=true keyguardLocked=false wasBelowKeyguard=false prepared=false pending=false consumed=false running=false screenOffVisible=false
I/UnlockAnimation(24234): UNLOCK_LAUNCHER_PAUSE sessionId=32 uptime=106602252 resumed=false focus=true keyguardLocked=false wasBelowKeyguard=false prepared=false pending=false consumed=false running=false screenOffVisible=false
I/UnlockAnimation(24234): UNLOCK_WINDOW_FOCUS_FALSE sessionId=32 uptime=106602472 resumed=false focus=false keyguardLocked=true wasBelowKeyguard=false prepared=false pending=false consumed=false running=false screenOffVisible=true
I/UnlockAnimation(24234): UNLOCK_SCREEN_OFF sessionId=32 uptime=106602493 resumed=false focus=false keyguardLocked=true wasBelowKeyguard=false prepared=false pending=false consumed=false running=false screenOffVisible=true
I/UnlockAnimation(24234): UNLOCK_SESSION_ARMED sessionId=33 uptime=106602495 resumed=false focus=false keyguardLocked=true wasBelowKeyguard=true prepared=false pending=false consumed=false running=false screenOffVisible=false
I/UnlockAnimation(24234): UNLOCK_PREPARE_BEGIN sessionId=33 uptime=106602498 resumed=false focus=false keyguardLocked=true wasBelowKeyguard=true prepared=false pending=false consumed=false running=false screenOffVisible=false
I/UnlockAnimation(24234): UNLOCK_PREPARE_READY sessionId=33 uptime=106602499 resumed=false focus=false keyguardLocked=true wasBelowKeyguard=true prepared=true pending=false consumed=false running=false screenOffVisible=false
I/UnlockAnimation(24234): UNLOCK_TRY_COMMIT sessionId=33 uptime=106602508 resumed=false focus=false keyguardLocked=true wasBelowKeyguard=true prepared=true pending=false consumed=false running=false screenOffVisible=false detail=PREPARE_READY
I/UnlockAnimation(24234): UNLOCK_SKIP_NO_DISMISS sessionId=33 uptime=106602510 resumed=false focus=false keyguardLocked=true wasBelowKeyguard=true prepared=true pending=false consumed=false running=false screenOffVisible=false detail=PREPARE_READY
I/UnlockAnimation(24234): UNLOCK_LAUNCHER_RESUME sessionId=33 uptime=106606058 resumed=true focus=false keyguardLocked=true wasBelowKeyguard=true prepared=true pending=false consumed=false running=false screenOffVisible=false
I/UnlockAnimation(24234): UNLOCK_TRY_COMMIT sessionId=33 uptime=106606066 resumed=true focus=false keyguardLocked=true wasBelowKeyguard=true prepared=true pending=false consumed=false running=false screenOffVisible=false detail=RESUME
I/UnlockAnimation(24234): UNLOCK_SKIP_NO_DISMISS sessionId=33 uptime=106606073 resumed=true focus=false keyguardLocked=true wasBelowKeyguard=true prepared=true pending=false consumed=false running=false screenOffVisible=false detail=RESUME
I/UnlockAnimation(24234): UNLOCK_USER_PRESENT sessionId=33 uptime=106607579 resumed=true focus=false keyguardLocked=false wasBelowKeyguard=true prepared=true pending=false consumed=false running=false screenOffVisible=false detail=android.intent.action.USER_PRESENT
I/UnlockAnimation(24234): UNLOCK_DISMISS_PENDING sessionId=33 uptime=106607580 resumed=true focus=false keyguardLocked=false wasBelowKeyguard=true prepared=true pending=true consumed=false running=false screenOffVisible=false detail=android.intent.action.USER_PRESENT
I/UnlockAnimation(24234): UNLOCK_TRY_COMMIT sessionId=33 uptime=106607582 resumed=true focus=false keyguardLocked=false wasBelowKeyguard=true prepared=true pending=true consumed=false running=false screenOffVisible=false detail=DISMISS
I/UnlockAnimation(24234): UNLOCK_SKIP_NO_FOCUS sessionId=33 uptime=106607583 resumed=true focus=false keyguardLocked=false wasBelowKeyguard=true prepared=true pending=true consumed=false running=false screenOffVisible=false detail=DISMISS
I/UnlockAnimation(24234): UNLOCK_WINDOW_FOCUS_TRUE sessionId=33 uptime=106607771 resumed=true focus=true keyguardLocked=false wasBelowKeyguard=true prepared=true pending=true consumed=false running=false screenOffVisible=false
I/UnlockAnimation(24234): UNLOCK_TRY_COMMIT sessionId=33 uptime=106607778 resumed=true focus=true keyguardLocked=false wasBelowKeyguard=true prepared=true pending=true consumed=false running=false screenOffVisible=false detail=WINDOW_FOCUS
I/UnlockAnimation(24234): UNLOCK_SESSION_CONSUMED sessionId=33 uptime=106607791 resumed=true focus=true keyguardLocked=false wasBelowKeyguard=true prepared=true pending=false consumed=true running=false screenOffVisible=false detail=WINDOW_FOCUS
I/UnlockAnimation(24234): UNLOCK_COMMIT_PLAY sessionId=33 uptime=106607793 resumed=true focus=true keyguardLocked=false wasBelowKeyguard=true prepared=true pending=false consumed=true running=false screenOffVisible=false detail=WINDOW_FOCUS
I/UnlockAnimation(24234): UNLOCK_ORIGINAL_PLAY_DISPATCHED sessionId=33 uptime=106607794 resumed=true focus=true keyguardLocked=false wasBelowKeyguard=true prepared=true pending=false consumed=true running=false screenOffVisible=false
I/UnlockAnimation(24234): UNLOCK_ANIMATION_START sessionId=33 uptime=106607811 resumed=true focus=true keyguardLocked=false wasBelowKeyguard=true prepared=true pending=false consumed=true running=true screenOffVisible=false
I/UnlockAnimation(24234): UNLOCK_CANCEL_PLAY_TIMEOUT sessionId=33 uptime=106610297 resumed=true focus=true keyguardLocked=false wasBelowKeyguard=true prepared=true pending=false consumed=true running=true screenOffVisible=false
I/UnlockAnimation(24234): UNLOCK_FORCE_FINISH sessionId=33 uptime=106610298 resumed=true focus=true keyguardLocked=false wasBelowKeyguard=false prepared=false pending=false consumed=false running=false screenOffVisible=false
I/UnlockAnimation(24234): UNLOCK_ANIMATION_FINISH sessionId=33 uptime=106610350 resumed=true focus=true keyguardLocked=false wasBelowKeyguard=false prepared=false pending=false consumed=false running=false screenOffVisible=false
I/UnlockAnimation(24234): UNLOCK_LAUNCHER_PAUSE sessionId=33 uptime=106612503 resumed=false focus=true keyguardLocked=false wasBelowKeyguard=false prepared=false pending=false consumed=false running=false screenOffVisible=false
I/UnlockAnimation(24234): UNLOCK_SCREEN_OFF sessionId=33 uptime=106612778 resumed=false focus=true keyguardLocked=true wasBelowKeyguard=false prepared=false pending=false consumed=false running=false screenOffVisible=true
I/UnlockAnimation(24234): UNLOCK_SESSION_ARMED sessionId=34 uptime=106612780 resumed=false focus=true keyguardLocked=true wasBelowKeyguard=true prepared=false pending=false consumed=false running=false screenOffVisible=false
I/UnlockAnimation(24234): UNLOCK_PREPARE_BEGIN sessionId=34 uptime=106612783 resumed=false focus=true keyguardLocked=true wasBelowKeyguard=true prepared=false pending=false consumed=false running=false screenOffVisible=false
I/UnlockAnimation(24234): UNLOCK_PREPARE_READY sessionId=34 uptime=106612785 resumed=false focus=true keyguardLocked=true wasBelowKeyguard=true prepared=true pending=false consumed=false running=false screenOffVisible=false
I/UnlockAnimation(24234): UNLOCK_TRY_COMMIT sessionId=34 uptime=106612790 resumed=false focus=true keyguardLocked=true wasBelowKeyguard=true prepared=true pending=false consumed=false running=false screenOffVisible=false detail=PREPARE_READY
I/UnlockAnimation(24234): UNLOCK_SKIP_NO_DISMISS sessionId=34 uptime=106612794 resumed=false focus=true keyguardLocked=true wasBelowKeyguard=true prepared=true pending=false consumed=false running=false screenOffVisible=false detail=PREPARE_READY
I/UnlockAnimation(24234): UNLOCK_WINDOW_FOCUS_FALSE sessionId=34 uptime=106612797 resumed=false focus=false keyguardLocked=true wasBelowKeyguard=true prepared=true pending=false consumed=false running=false screenOffVisible=false
I/UnlockAnimation(24234): UNLOCK_LAUNCHER_RESUME sessionId=34 uptime=106615562 resumed=true focus=false keyguardLocked=true wasBelowKeyguard=true prepared=true pending=false consumed=false running=false screenOffVisible=false
I/UnlockAnimation(24234): UNLOCK_TRY_COMMIT sessionId=34 uptime=106615562 resumed=true focus=false keyguardLocked=true wasBelowKeyguard=true prepared=true pending=false consumed=false running=false screenOffVisible=false detail=RESUME
I/UnlockAnimation(24234): UNLOCK_SKIP_NO_DISMISS sessionId=34 uptime=106615563 resumed=true focus=false keyguardLocked=true wasBelowKeyguard=true prepared=true pending=false consumed=false running=false screenOffVisible=false detail=RESUME
I/UnlockAnimation(24234): UNLOCK_USER_PRESENT sessionId=34 uptime=106616794 resumed=true focus=false keyguardLocked=false wasBelowKeyguard=true prepared=true pending=false consumed=false running=false screenOffVisible=false detail=android.intent.action.USER_PRESENT
I/UnlockAnimation(24234): UNLOCK_DISMISS_PENDING sessionId=34 uptime=106616795 resumed=true focus=false keyguardLocked=false wasBelowKeyguard=true prepared=true pending=true consumed=false running=false screenOffVisible=false detail=android.intent.action.USER_PRESENT
I/UnlockAnimation(24234): UNLOCK_TRY_COMMIT sessionId=34 uptime=106616795 resumed=true focus=false keyguardLocked=false wasBelowKeyguard=true prepared=true pending=true consumed=false running=false screenOffVisible=false detail=DISMISS
I/UnlockAnimation(24234): UNLOCK_SKIP_NO_FOCUS sessionId=34 uptime=106616796 resumed=true focus=false keyguardLocked=false wasBelowKeyguard=true prepared=true pending=true consumed=false running=false screenOffVisible=false detail=DISMISS
I/UnlockAnimation(24234): UNLOCK_WINDOW_FOCUS_TRUE sessionId=34 uptime=106616954 resumed=true focus=true keyguardLocked=false wasBelowKeyguard=true prepared=true pending=true consumed=false running=false screenOffVisible=false
I/UnlockAnimation(24234): UNLOCK_TRY_COMMIT sessionId=34 uptime=106616955 resumed=true focus=true keyguardLocked=false wasBelowKeyguard=true prepared=true pending=true consumed=false running=false screenOffVisible=false detail=WINDOW_FOCUS
I/UnlockAnimation(24234): UNLOCK_SESSION_CONSUMED sessionId=34 uptime=106616963 resumed=true focus=true keyguardLocked=false wasBelowKeyguard=true prepared=true pending=false consumed=true running=false screenOffVisible=false detail=WINDOW_FOCUS
I/UnlockAnimation(24234): UNLOCK_COMMIT_PLAY sessionId=34 uptime=106616971 resumed=true focus=true keyguardLocked=false wasBelowKeyguard=true prepared=true pending=false consumed=true running=false screenOffVisible=false detail=WINDOW_FOCUS
I/UnlockAnimation(24234): UNLOCK_ORIGINAL_PLAY_DISPATCHED sessionId=34 uptime=106616973 resumed=true focus=true keyguardLocked=false wasBelowKeyguard=true prepared=true pending=false consumed=true running=false screenOffVisible=false
I/UnlockAnimation(24234): UNLOCK_ANIMATION_START sessionId=34 uptime=106616975 resumed=true focus=true keyguardLocked=false wasBelowKeyguard=true prepared=true pending=false consumed=true running=true screenOffVisible=false
I/UnlockAnimation(24234): UNLOCK_CANCEL_PLAY_TIMEOUT sessionId=34 uptime=106619477 resumed=true focus=true keyguardLocked=false wasBelowKeyguard=true prepared=true pending=false consumed=true running=true screenOffVisible=false
I/UnlockAnimation(24234): UNLOCK_FORCE_FINISH sessionId=34 uptime=106619478 resumed=true focus=true keyguardLocked=false wasBelowKeyguard=false prepared=false pending=false consumed=false running=false screenOffVisible=false
I/UnlockAnimation(24234): UNLOCK_ANIMATION_FINISH sessionId=34 uptime=106619496 resumed=true focus=true keyguardLocked=false wasBelowKeyguard=false prepared=false pending=false consumed=false running=false screenOffVisible=false
I/UnlockAnimation(24234): UNLOCK_LAUNCHER_PAUSE sessionId=34 uptime=106621471 resumed=false focus=true keyguardLocked=false wasBelowKeyguard=false prepared=false pending=false consumed=false running=false screenOffVisible=false
I/UnlockAnimation(24234): UNLOCK_SCREEN_OFF sessionId=34 uptime=106621785 resumed=false focus=true keyguardLocked=true wasBelowKeyguard=false prepared=false pending=false consumed=false running=false screenOffVisible=true
I/UnlockAnimation(24234): UNLOCK_SESSION_ARMED sessionId=35 uptime=106621787 resumed=false focus=true keyguardLocked=true wasBelowKeyguard=true prepared=false pending=false consumed=false running=false screenOffVisible=false
I/UnlockAnimation(24234): UNLOCK_PREPARE_BEGIN sessionId=35 uptime=106621788 resumed=false focus=true keyguardLocked=true wasBelowKeyguard=true prepared=false pending=false consumed=false running=false screenOffVisible=false
I/UnlockAnimation(24234): UNLOCK_PREPARE_READY sessionId=35 uptime=106621790 resumed=false focus=true keyguardLocked=true wasBelowKeyguard=true prepared=true pending=false consumed=false running=false screenOffVisible=false
I/UnlockAnimation(24234): UNLOCK_TRY_COMMIT sessionId=35 uptime=106621791 resumed=false focus=true keyguardLocked=true wasBelowKeyguard=true prepared=true pending=false consumed=false running=false screenOffVisible=false detail=PREPARE_READY
I/UnlockAnimation(24234): UNLOCK_SKIP_NO_DISMISS sessionId=35 uptime=106621792 resumed=false focus=true keyguardLocked=true wasBelowKeyguard=true prepared=true pending=false consumed=false running=false screenOffVisible=false detail=PREPARE_READY
I/UnlockAnimation(24234): UNLOCK_WINDOW_FOCUS_FALSE sessionId=35 uptime=106621794 resumed=false focus=false keyguardLocked=true wasBelowKeyguard=true prepared=true pending=false consumed=false running=false screenOffVisible=false
I/UnlockAnimation(24234): UNLOCK_LAUNCHER_RESUME sessionId=35 uptime=106625265 resumed=true focus=false keyguardLocked=true wasBelowKeyguard=true prepared=true pending=false consumed=false running=false screenOffVisible=false
I/UnlockAnimation(24234): UNLOCK_TRY_COMMIT sessionId=35 uptime=106625269 resumed=true focus=false keyguardLocked=true wasBelowKeyguard=true prepared=true pending=false consumed=false running=false screenOffVisible=false detail=RESUME
I/UnlockAnimation(24234): UNLOCK_SKIP_NO_DISMISS sessionId=35 uptime=106625275 resumed=true focus=false keyguardLocked=true wasBelowKeyguard=true prepared=true pending=false consumed=false running=false screenOffVisible=false detail=RESUME
I/UnlockAnimation(24234): UNLOCK_USER_PRESENT sessionId=35 uptime=106627016 resumed=true focus=false keyguardLocked=false wasBelowKeyguard=true prepared=true pending=false consumed=false running=false screenOffVisible=false detail=android.intent.action.USER_PRESENT
I/UnlockAnimation(24234): UNLOCK_DISMISS_PENDING sessionId=35 uptime=106627017 resumed=true focus=false keyguardLocked=false wasBelowKeyguard=true prepared=true pending=true consumed=false running=false screenOffVisible=false detail=android.intent.action.USER_PRESENT
I/UnlockAnimation(24234): UNLOCK_TRY_COMMIT sessionId=35 uptime=106627018 resumed=true focus=false keyguardLocked=false wasBelowKeyguard=true prepared=true pending=true consumed=false running=false screenOffVisible=false detail=DISMISS
I/UnlockAnimation(24234): UNLOCK_SKIP_NO_FOCUS sessionId=35 uptime=106627019 resumed=true focus=false keyguardLocked=false wasBelowKeyguard=true prepared=true pending=true consumed=false running=false screenOffVisible=false detail=DISMISS
I/UnlockAnimation(24234): UNLOCK_WINDOW_FOCUS_TRUE sessionId=35 uptime=106627164 resumed=true focus=true keyguardLocked=false wasBelowKeyguard=true prepared=true pending=true consumed=false running=false screenOffVisible=false
I/UnlockAnimation(24234): UNLOCK_TRY_COMMIT sessionId=35 uptime=106627164 resumed=true focus=true keyguardLocked=false wasBelowKeyguard=true prepared=true pending=true consumed=false running=false screenOffVisible=false detail=WINDOW_FOCUS
I/UnlockAnimation(24234): UNLOCK_SESSION_CONSUMED sessionId=35 uptime=106627167 resumed=true focus=true keyguardLocked=false wasBelowKeyguard=true prepared=true pending=false consumed=true running=false screenOffVisible=false detail=WINDOW_FOCUS
I/UnlockAnimation(24234): UNLOCK_COMMIT_PLAY sessionId=35 uptime=106627168 resumed=true focus=true keyguardLocked=false wasBelowKeyguard=true prepared=true pending=false consumed=true running=false screenOffVisible=false detail=WINDOW_FOCUS
I/UnlockAnimation(24234): UNLOCK_ORIGINAL_PLAY_DISPATCHED sessionId=35 uptime=106627168 resumed=true focus=true keyguardLocked=false wasBelowKeyguard=true prepared=true pending=false consumed=true running=false screenOffVisible=false
I/UnlockAnimation(24234): UNLOCK_ANIMATION_START sessionId=35 uptime=106627169 resumed=true focus=true keyguardLocked=false wasBelowKeyguard=true prepared=true pending=false consumed=true running=true screenOffVisible=false
I/UnlockAnimation(24234): UNLOCK_CANCEL_PLAY_TIMEOUT sessionId=35 uptime=106629670 resumed=true focus=true keyguardLocked=false wasBelowKeyguard=true prepared=true pending=false consumed=true running=true screenOffVisible=false
I/UnlockAnimation(24234): UNLOCK_FORCE_FINISH sessionId=35 uptime=106629671 resumed=true focus=true keyguardLocked=false wasBelowKeyguard=false prepared=false pending=false consumed=false running=false screenOffVisible=false
I/UnlockAnimation(24234): UNLOCK_ANIMATION_FINISH sessionId=35 uptime=106629809 resumed=true focus=true keyguardLocked=false wasBelowKeyguard=false prepared=false pending=false consumed=false running=false screenOffVisible=false
I/UnlockAnimation(24234): UNLOCK_LAUNCHER_PAUSE sessionId=35 uptime=106631661 resumed=false focus=true keyguardLocked=false wasBelowKeyguard=false prepared=false pending=false consumed=false running=false screenOffVisible=false
I/UnlockAnimation(24234): UNLOCK_WINDOW_FOCUS_FALSE sessionId=35 uptime=106632085 resumed=false focus=false keyguardLocked=true wasBelowKeyguard=false prepared=false pending=false consumed=false running=false screenOffVisible=true
I/UnlockAnimation(24234): UNLOCK_SCREEN_OFF sessionId=35 uptime=106632087 resumed=false focus=false keyguardLocked=true wasBelowKeyguard=false prepared=false pending=false consumed=false running=false screenOffVisible=true
I/UnlockAnimation(24234): UNLOCK_SESSION_ARMED sessionId=36 uptime=106632088 resumed=false focus=false keyguardLocked=true wasBelowKeyguard=true prepared=false pending=false consumed=false running=false screenOffVisible=false
I/UnlockAnimation(24234): UNLOCK_PREPARE_BEGIN sessionId=36 uptime=106632089 resumed=false focus=false keyguardLocked=true wasBelowKeyguard=true prepared=false pending=false consumed=false running=false screenOffVisible=false
I/UnlockAnimation(24234): UNLOCK_PREPARE_READY sessionId=36 uptime=106632089 resumed=false focus=false keyguardLocked=true wasBelowKeyguard=true prepared=true pending=false consumed=false running=false screenOffVisible=false
I/UnlockAnimation(24234): UNLOCK_TRY_COMMIT sessionId=36 uptime=106632090 resumed=false focus=false keyguardLocked=true wasBelowKeyguard=true prepared=true pending=false consumed=false running=false screenOffVisible=false detail=PREPARE_READY
I/UnlockAnimation(24234): UNLOCK_SKIP_NO_DISMISS sessionId=36 uptime=106632098 resumed=false focus=false keyguardLocked=true wasBelowKeyguard=true prepared=true pending=false consumed=false running=false screenOffVisible=false detail=PREPARE_READY
I/UnlockAnimation(24234): UNLOCK_LAUNCHER_RESUME sessionId=36 uptime=106634853 resumed=true focus=false keyguardLocked=true wasBelowKeyguard=true prepared=true pending=false consumed=false running=false screenOffVisible=false
I/UnlockAnimation(24234): UNLOCK_TRY_COMMIT sessionId=36 uptime=106634854 resumed=true focus=false keyguardLocked=true wasBelowKeyguard=true prepared=true pending=false consumed=false running=false screenOffVisible=false detail=RESUME
I/UnlockAnimation(24234): UNLOCK_SKIP_NO_DISMISS sessionId=36 uptime=106634857 resumed=true focus=false keyguardLocked=true wasBelowKeyguard=true prepared=true pending=false consumed=false running=false screenOffVisible=false detail=RESUME
I/UnlockAnimation(24234): UNLOCK_USER_PRESENT sessionId=36 uptime=106636117 resumed=true focus=false keyguardLocked=false wasBelowKeyguard=true prepared=true pending=false consumed=false running=false screenOffVisible=false detail=android.intent.action.USER_PRESENT
I/UnlockAnimation(24234): UNLOCK_DISMISS_PENDING sessionId=36 uptime=106636118 resumed=true focus=false keyguardLocked=false wasBelowKeyguard=true prepared=true pending=true consumed=false running=false screenOffVisible=false detail=android.intent.action.USER_PRESENT
I/UnlockAnimation(24234): UNLOCK_TRY_COMMIT sessionId=36 uptime=106636120 resumed=true focus=false keyguardLocked=false wasBelowKeyguard=true prepared=true pending=true consumed=false running=false screenOffVisible=false detail=DISMISS
I/UnlockAnimation(24234): UNLOCK_SKIP_NO_FOCUS sessionId=36 uptime=106636121 resumed=true focus=false keyguardLocked=false wasBelowKeyguard=true prepared=true pending=true consumed=false running=false screenOffVisible=false detail=DISMISS
I/UnlockAnimation(24234): UNLOCK_WINDOW_FOCUS_TRUE sessionId=36 uptime=106636314 resumed=true focus=true keyguardLocked=false wasBelowKeyguard=true prepared=true pending=true consumed=false running=false screenOffVisible=false
I/UnlockAnimation(24234): UNLOCK_TRY_COMMIT sessionId=36 uptime=106636315 resumed=true focus=true keyguardLocked=false wasBelowKeyguard=true prepared=true pending=true consumed=false running=false screenOffVisible=false detail=WINDOW_FOCUS
I/UnlockAnimation(24234): UNLOCK_SESSION_CONSUMED sessionId=36 uptime=106636318 resumed=true focus=true keyguardLocked=false wasBelowKeyguard=true prepared=true pending=false consumed=true running=false screenOffVisible=false detail=WINDOW_FOCUS
I/UnlockAnimation(24234): UNLOCK_COMMIT_PLAY sessionId=36 uptime=106636319 resumed=true focus=true keyguardLocked=false wasBelowKeyguard=true prepared=true pending=false consumed=true running=false screenOffVisible=false detail=WINDOW_FOCUS
I/UnlockAnimation(24234): UNLOCK_ORIGINAL_PLAY_DISPATCHED sessionId=36 uptime=106636320 resumed=true focus=true keyguardLocked=false wasBelowKeyguard=true prepared=true pending=false consumed=true running=false screenOffVisible=false
I/UnlockAnimation(24234): UNLOCK_ANIMATION_START sessionId=36 uptime=106636323 resumed=true focus=true keyguardLocked=false wasBelowKeyguard=true prepared=true pending=false consumed=true running=true screenOffVisible=false
I/UnlockAnimation(24234): UNLOCK_CANCEL_PLAY_TIMEOUT sessionId=36 uptime=106638822 resumed=true focus=true keyguardLocked=false wasBelowKeyguard=true prepared=true pending=false consumed=true running=true screenOffVisible=false
I/UnlockAnimation(24234): UNLOCK_FORCE_FINISH sessionId=36 uptime=106638822 resumed=true focus=true keyguardLocked=false wasBelowKeyguard=false prepared=false pending=false consumed=false running=false screenOffVisible=false
I/UnlockAnimation(24234): UNLOCK_ANIMATION_FINISH sessionId=36 uptime=106638888 resumed=true focus=true keyguardLocked=false wasBelowKeyguard=false prepared=false pending=false consumed=false running=false screenOffVisible=false
I/UnlockAnimation(24234): UNLOCK_LAUNCHER_PAUSE sessionId=36 uptime=106640769 resumed=false focus=true keyguardLocked=false wasBelowKeyguard=false prepared=false pending=false consumed=false running=false screenOffVisible=false
I/UnlockAnimation(24234): UNLOCK_SCREEN_OFF sessionId=36 uptime=106641160 resumed=false focus=true keyguardLocked=true wasBelowKeyguard=false prepared=false pending=false consumed=false running=false screenOffVisible=true
I/UnlockAnimation(24234): UNLOCK_SESSION_ARMED sessionId=37 uptime=106641161 resumed=false focus=true keyguardLocked=true wasBelowKeyguard=true prepared=false pending=false consumed=false running=false screenOffVisible=false
I/UnlockAnimation(24234): UNLOCK_PREPARE_BEGIN sessionId=37 uptime=106641163 resumed=false focus=true keyguardLocked=true wasBelowKeyguard=true prepared=false pending=false consumed=false running=false screenOffVisible=false
I/UnlockAnimation(24234): UNLOCK_PREPARE_READY sessionId=37 uptime=106641164 resumed=false focus=true keyguardLocked=true wasBelowKeyguard=true prepared=true pending=false consumed=false running=false screenOffVisible=false
I/UnlockAnimation(24234): UNLOCK_TRY_COMMIT sessionId=37 uptime=106641167 resumed=false focus=true keyguardLocked=true wasBelowKeyguard=true prepared=true pending=false consumed=false running=false screenOffVisible=false detail=PREPARE_READY
I/UnlockAnimation(24234): UNLOCK_SKIP_NO_DISMISS sessionId=37 uptime=106641169 resumed=false focus=true keyguardLocked=true wasBelowKeyguard=true prepared=true pending=false consumed=false running=false screenOffVisible=false detail=PREPARE_READY
I/UnlockAnimation(24234): UNLOCK_WINDOW_FOCUS_FALSE sessionId=37 uptime=106641171 resumed=false focus=false keyguardLocked=true wasBelowKeyguard=true prepared=true pending=false consumed=false running=false screenOffVisible=false
I/UnlockAnimation(24234): UNLOCK_LAUNCHER_RESUME sessionId=37 uptime=106644623 resumed=true focus=false keyguardLocked=true wasBelowKeyguard=true prepared=true pending=false consumed=false running=false screenOffVisible=false
I/UnlockAnimation(24234): UNLOCK_TRY_COMMIT sessionId=37 uptime=106644624 resumed=true focus=false keyguardLocked=true wasBelowKeyguard=true prepared=true pending=false consumed=false running=false screenOffVisible=false detail=RESUME
I/UnlockAnimation(24234): UNLOCK_SKIP_NO_DISMISS sessionId=37 uptime=106644625 resumed=true focus=false keyguardLocked=true wasBelowKeyguard=true prepared=true pending=false consumed=false running=false screenOffVisible=false detail=RESUME
I/UnlockAnimation(24234): UNLOCK_USER_PRESENT sessionId=37 uptime=106646383 resumed=true focus=false keyguardLocked=false wasBelowKeyguard=true prepared=true pending=false consumed=false running=false screenOffVisible=false detail=android.intent.action.USER_PRESENT
I/UnlockAnimation(24234): UNLOCK_DISMISS_PENDING sessionId=37 uptime=106646386 resumed=true focus=false keyguardLocked=false wasBelowKeyguard=true prepared=true pending=true consumed=false running=false screenOffVisible=false detail=android.intent.action.USER_PRESENT
I/UnlockAnimation(24234): UNLOCK_TRY_COMMIT sessionId=37 uptime=106646387 resumed=true focus=false keyguardLocked=false wasBelowKeyguard=true prepared=true pending=true consumed=false running=false screenOffVisible=false detail=DISMISS
I/UnlockAnimation(24234): UNLOCK_SKIP_NO_FOCUS sessionId=37 uptime=106646393 resumed=true focus=false keyguardLocked=false wasBelowKeyguard=true prepared=true pending=true consumed=false running=false screenOffVisible=false detail=DISMISS
I/UnlockAnimation(24234): UNLOCK_WINDOW_FOCUS_TRUE sessionId=37 uptime=106646528 resumed=true focus=true keyguardLocked=false wasBelowKeyguard=true prepared=true pending=true consumed=false running=false screenOffVisible=false
I/UnlockAnimation(24234): UNLOCK_TRY_COMMIT sessionId=37 uptime=106646530 resumed=true focus=true keyguardLocked=false wasBelowKeyguard=true prepared=true pending=true consumed=false running=false screenOffVisible=false detail=WINDOW_FOCUS
I/UnlockAnimation(24234): UNLOCK_SESSION_CONSUMED sessionId=37 uptime=106646537 resumed=true focus=true keyguardLocked=false wasBelowKeyguard=true prepared=true pending=false consumed=true running=false screenOffVisible=false detail=WINDOW_FOCUS
I/UnlockAnimation(24234): UNLOCK_COMMIT_PLAY sessionId=37 uptime=106646541 resumed=true focus=true keyguardLocked=false wasBelowKeyguard=true prepared=true pending=false consumed=true running=false screenOffVisible=false detail=WINDOW_FOCUS
I/UnlockAnimation(24234): UNLOCK_ORIGINAL_PLAY_DISPATCHED sessionId=37 uptime=106646542 resumed=true focus=true keyguardLocked=false wasBelowKeyguard=true prepared=true pending=false consumed=true running=false screenOffVisible=false
I/UnlockAnimation(24234): UNLOCK_ANIMATION_START sessionId=37 uptime=106646548 resumed=true focus=true keyguardLocked=false wasBelowKeyguard=true prepared=true pending=false consumed=true running=true screenOffVisible=false
I/UnlockAnimation(24234): UNLOCK_CANCEL_PLAY_TIMEOUT sessionId=37 uptime=106649044 resumed=true focus=true keyguardLocked=false wasBelowKeyguard=true prepared=true pending=false consumed=true running=true screenOffVisible=false
I/UnlockAnimation(24234): UNLOCK_FORCE_FINISH sessionId=37 uptime=106649045 resumed=true focus=true keyguardLocked=false wasBelowKeyguard=false prepared=false pending=false consumed=false running=false screenOffVisible=false
I/UnlockAnimation(24234): UNLOCK_ANIMATION_FINISH sessionId=37 uptime=106649081 resumed=true focus=true keyguardLocked=false wasBelowKeyguard=false prepared=false pending=false consumed=false running=false screenOffVisible=false
I/UnlockAnimation(24234): UNLOCK_LAUNCHER_PAUSE sessionId=37 uptime=106651037 resumed=false focus=true keyguardLocked=false wasBelowKeyguard=false prepared=false pending=false consumed=false running=false screenOffVisible=false
I/UnlockAnimation(24234): UNLOCK_WINDOW_FOCUS_FALSE sessionId=37 uptime=106651251 resumed=false focus=false keyguardLocked=true wasBelowKeyguard=false prepared=false pending=false consumed=false running=false screenOffVisible=true
I/UnlockAnimation(24234): UNLOCK_SCREEN_OFF sessionId=37 uptime=106651291 resumed=false focus=false keyguardLocked=true wasBelowKeyguard=false prepared=false pending=false consumed=false running=false screenOffVisible=true
I/UnlockAnimation(24234): UNLOCK_SESSION_ARMED sessionId=38 uptime=106651293 resumed=false focus=false keyguardLocked=true wasBelowKeyguard=true prepared=false pending=false consumed=false running=false screenOffVisible=false
I/UnlockAnimation(24234): UNLOCK_PREPARE_BEGIN sessionId=38 uptime=106651294 resumed=false focus=false keyguardLocked=true wasBelowKeyguard=true prepared=false pending=false consumed=false running=false screenOffVisible=false
I/UnlockAnimation(24234): UNLOCK_PREPARE_READY sessionId=38 uptime=106651298 resumed=false focus=false keyguardLocked=true wasBelowKeyguard=true prepared=true pending=false consumed=false running=false screenOffVisible=false
I/UnlockAnimation(24234): UNLOCK_TRY_COMMIT sessionId=38 uptime=106651299 resumed=false focus=false keyguardLocked=true wasBelowKeyguard=true prepared=true pending=false consumed=false running=false screenOffVisible=false detail=PREPARE_READY
I/UnlockAnimation(24234): UNLOCK_SKIP_NO_DISMISS sessionId=38 uptime=106651300 resumed=false focus=false keyguardLocked=true wasBelowKeyguard=true prepared=true pending=false consumed=false running=false screenOffVisible=false detail=PREPARE_READY
I/UnlockAnimation(24234): UNLOCK_LAUNCHER_RESUME sessionId=38 uptime=106654790 resumed=true focus=false keyguardLocked=true wasBelowKeyguard=true prepared=true pending=false consumed=false running=false screenOffVisible=false
I/UnlockAnimation(24234): UNLOCK_TRY_COMMIT sessionId=38 uptime=106654790 resumed=true focus=false keyguardLocked=true wasBelowKeyguard=true prepared=true pending=false consumed=false running=false screenOffVisible=false detail=RESUME
I/UnlockAnimation(24234): UNLOCK_SKIP_NO_DISMISS sessionId=38 uptime=106654795 resumed=true focus=false keyguardLocked=true wasBelowKeyguard=true prepared=true pending=false consumed=false running=false screenOffVisible=false detail=RESUME
I/UnlockAnimation(24234): UNLOCK_USER_PRESENT sessionId=38 uptime=106656171 resumed=true focus=false keyguardLocked=false wasBelowKeyguard=true prepared=true pending=false consumed=false running=false screenOffVisible=false detail=android.intent.action.USER_PRESENT
I/UnlockAnimation(24234): UNLOCK_DISMISS_PENDING sessionId=38 uptime=106656171 resumed=true focus=false keyguardLocked=false wasBelowKeyguard=true prepared=true pending=true consumed=false running=false screenOffVisible=false detail=android.intent.action.USER_PRESENT
I/UnlockAnimation(24234): UNLOCK_TRY_COMMIT sessionId=38 uptime=106656172 resumed=true focus=false keyguardLocked=false wasBelowKeyguard=true prepared=true pending=true consumed=false running=false screenOffVisible=false detail=DISMISS
I/UnlockAnimation(24234): UNLOCK_SKIP_NO_FOCUS sessionId=38 uptime=106656173 resumed=true focus=false keyguardLocked=false wasBelowKeyguard=true prepared=true pending=true consumed=false running=false screenOffVisible=false detail=DISMISS
I/UnlockAnimation(24234): UNLOCK_WINDOW_FOCUS_TRUE sessionId=38 uptime=106656433 resumed=true focus=true keyguardLocked=false wasBelowKeyguard=true prepared=true pending=true consumed=false running=false screenOffVisible=false
I/UnlockAnimation(24234): UNLOCK_TRY_COMMIT sessionId=38 uptime=106656435 resumed=true focus=true keyguardLocked=false wasBelowKeyguard=true prepared=true pending=true consumed=false running=false screenOffVisible=false detail=WINDOW_FOCUS
I/UnlockAnimation(24234): UNLOCK_SESSION_CONSUMED sessionId=38 uptime=106656443 resumed=true focus=true keyguardLocked=false wasBelowKeyguard=true prepared=true pending=false consumed=true running=false screenOffVisible=false detail=WINDOW_FOCUS
I/UnlockAnimation(24234): UNLOCK_COMMIT_PLAY sessionId=38 uptime=106656444 resumed=true focus=true keyguardLocked=false wasBelowKeyguard=true prepared=true pending=false consumed=true running=false screenOffVisible=false detail=WINDOW_FOCUS
I/UnlockAnimation(24234): UNLOCK_ORIGINAL_PLAY_DISPATCHED sessionId=38 uptime=106656446 resumed=true focus=true keyguardLocked=false wasBelowKeyguard=true prepared=true pending=false consumed=true running=false screenOffVisible=false
I/UnlockAnimation(24234): UNLOCK_ANIMATION_START sessionId=38 uptime=106656449 resumed=true focus=true keyguardLocked=false wasBelowKeyguard=true prepared=true pending=false consumed=true running=true screenOffVisible=false
I/UnlockAnimation(24234): UNLOCK_CANCEL_PLAY_TIMEOUT sessionId=38 uptime=106658960 resumed=true focus=true keyguardLocked=false wasBelowKeyguard=true prepared=true pending=false consumed=true running=true screenOffVisible=false
I/UnlockAnimation(24234): UNLOCK_FORCE_FINISH sessionId=38 uptime=106658965 resumed=true focus=true keyguardLocked=false wasBelowKeyguard=false prepared=false pending=false consumed=false running=false screenOffVisible=false
I/UnlockAnimation(24234): UNLOCK_ANIMATION_FINISH sessionId=38 uptime=106658972 resumed=true focus=true keyguardLocked=false wasBelowKeyguard=false prepared=false pending=false consumed=false running=false screenOffVisible=false
I/UnlockAnimation(24234): UNLOCK_LAUNCHER_PAUSE sessionId=38 uptime=106660882 resumed=false focus=true keyguardLocked=false wasBelowKeyguard=false prepared=false pending=false consumed=false running=false screenOffVisible=false
I/UnlockAnimation(24234): UNLOCK_SCREEN_OFF sessionId=38 uptime=106661112 resumed=false focus=true keyguardLocked=true wasBelowKeyguard=false prepared=false pending=false consumed=false running=false screenOffVisible=true
I/UnlockAnimation(24234): UNLOCK_SESSION_ARMED sessionId=39 uptime=106661122 resumed=false focus=true keyguardLocked=true wasBelowKeyguard=true prepared=false pending=false consumed=false running=false screenOffVisible=false
I/UnlockAnimation(24234): UNLOCK_PREPARE_BEGIN sessionId=39 uptime=106661125 resumed=false focus=true keyguardLocked=true wasBelowKeyguard=true prepared=false pending=false consumed=false running=false screenOffVisible=false
I/UnlockAnimation(24234): UNLOCK_PREPARE_READY sessionId=39 uptime=106661130 resumed=false focus=true keyguardLocked=true wasBelowKeyguard=true prepared=true pending=false consumed=false running=false screenOffVisible=false
I/UnlockAnimation(24234): UNLOCK_TRY_COMMIT sessionId=39 uptime=106661136 resumed=false focus=true keyguardLocked=true wasBelowKeyguard=true prepared=true pending=false consumed=false running=false screenOffVisible=false detail=PREPARE_READY
I/UnlockAnimation(24234): UNLOCK_SKIP_NO_DISMISS sessionId=39 uptime=106661138 resumed=false focus=true keyguardLocked=true wasBelowKeyguard=true prepared=true pending=false consumed=false running=false screenOffVisible=false detail=PREPARE_READY
I/UnlockAnimation(24234): UNLOCK_WINDOW_FOCUS_FALSE sessionId=39 uptime=106661143 resumed=false focus=false keyguardLocked=true wasBelowKeyguard=true prepared=true pending=false consumed=false running=false screenOffVisible=false
I/UnlockAnimation(24234): UNLOCK_LAUNCHER_RESUME sessionId=39 uptime=106664078 resumed=true focus=false keyguardLocked=true wasBelowKeyguard=true prepared=true pending=false consumed=false running=false screenOffVisible=false
I/UnlockAnimation(24234): UNLOCK_TRY_COMMIT sessionId=39 uptime=106664079 resumed=true focus=false keyguardLocked=true wasBelowKeyguard=true prepared=true pending=false consumed=false running=false screenOffVisible=false detail=RESUME
I/UnlockAnimation(24234): UNLOCK_SKIP_NO_DISMISS sessionId=39 uptime=106664081 resumed=true focus=false keyguardLocked=true wasBelowKeyguard=true prepared=true pending=false consumed=false running=false screenOffVisible=false detail=RESUME
I/UnlockAnimation(24234): UNLOCK_USER_PRESENT sessionId=39 uptime=106665357 resumed=true focus=false keyguardLocked=false wasBelowKeyguard=true prepared=true pending=false consumed=false running=false screenOffVisible=false detail=android.intent.action.USER_PRESENT
I/UnlockAnimation(24234): UNLOCK_DISMISS_PENDING sessionId=39 uptime=106665359 resumed=true focus=false keyguardLocked=false wasBelowKeyguard=true prepared=true pending=true consumed=false running=false screenOffVisible=false detail=android.intent.action.USER_PRESENT
I/UnlockAnimation(24234): UNLOCK_TRY_COMMIT sessionId=39 uptime=106665361 resumed=true focus=false keyguardLocked=false wasBelowKeyguard=true prepared=true pending=true consumed=false running=false screenOffVisible=false detail=DISMISS
I/UnlockAnimation(24234): UNLOCK_SKIP_NO_FOCUS sessionId=39 uptime=106665362 resumed=true focus=false keyguardLocked=false wasBelowKeyguard=true prepared=true pending=true consumed=false running=false screenOffVisible=false detail=DISMISS
I/UnlockAnimation(24234): UNLOCK_WINDOW_FOCUS_TRUE sessionId=39 uptime=106665554 resumed=true focus=true keyguardLocked=false wasBelowKeyguard=true prepared=true pending=true consumed=false running=false screenOffVisible=false
I/UnlockAnimation(24234): UNLOCK_TRY_COMMIT sessionId=39 uptime=106665555 resumed=true focus=true keyguardLocked=false wasBelowKeyguard=true prepared=true pending=true consumed=false running=false screenOffVisible=false detail=WINDOW_FOCUS
I/UnlockAnimation(24234): UNLOCK_SESSION_CONSUMED sessionId=39 uptime=106665567 resumed=true focus=true keyguardLocked=false wasBelowKeyguard=true prepared=true pending=false consumed=true running=false screenOffVisible=false detail=WINDOW_FOCUS
I/UnlockAnimation(24234): UNLOCK_COMMIT_PLAY sessionId=39 uptime=106665568 resumed=true focus=true keyguardLocked=false wasBelowKeyguard=true prepared=true pending=false consumed=true running=false screenOffVisible=false detail=WINDOW_FOCUS
I/UnlockAnimation(24234): UNLOCK_ORIGINAL_PLAY_DISPATCHED sessionId=39 uptime=106665569 resumed=true focus=true keyguardLocked=false wasBelowKeyguard=true prepared=true pending=false consumed=true running=false screenOffVisible=false
I/UnlockAnimation(24234): UNLOCK_ANIMATION_START sessionId=39 uptime=106665572 resumed=true focus=true keyguardLocked=false wasBelowKeyguard=true prepared=true pending=false consumed=true running=true screenOffVisible=false
I/UnlockAnimation(24234): UNLOCK_CANCEL_PLAY_TIMEOUT sessionId=39 uptime=106668071 resumed=true focus=true keyguardLocked=false wasBelowKeyguard=true prepared=true pending=false consumed=true running=true screenOffVisible=false
I/UnlockAnimation(24234): UNLOCK_FORCE_FINISH sessionId=39 uptime=106668147 resumed=true focus=true keyguardLocked=false wasBelowKeyguard=false prepared=false pending=false consumed=false running=false screenOffVisible=false
I/UnlockAnimation(24234): UNLOCK_ANIMATION_FINISH sessionId=39 uptime=106668154 resumed=true focus=true keyguardLocked=false wasBelowKeyguard=false prepared=false pending=false consumed=false running=false screenOffVisible=false
I/UnlockAnimation(24234): UNLOCK_LAUNCHER_PAUSE sessionId=39 uptime=106670009 resumed=false focus=true keyguardLocked=false wasBelowKeyguard=false prepared=false pending=false consumed=false running=false screenOffVisible=false
I/UnlockAnimation(24234): UNLOCK_SCREEN_OFF sessionId=39 uptime=106670405 resumed=false focus=true keyguardLocked=true wasBelowKeyguard=false prepared=false pending=false consumed=false running=false screenOffVisible=true
I/UnlockAnimation(24234): UNLOCK_SESSION_ARMED sessionId=40 uptime=106670406 resumed=false focus=true keyguardLocked=true wasBelowKeyguard=true prepared=false pending=false consumed=false running=false screenOffVisible=false
I/UnlockAnimation(24234): UNLOCK_PREPARE_BEGIN sessionId=40 uptime=106670407 resumed=false focus=true keyguardLocked=true wasBelowKeyguard=true prepared=false pending=false consumed=false running=false screenOffVisible=false
I/UnlockAnimation(24234): UNLOCK_PREPARE_READY sessionId=40 uptime=106670408 resumed=false focus=true keyguardLocked=true wasBelowKeyguard=true prepared=true pending=false consumed=false running=false screenOffVisible=false
I/UnlockAnimation(24234): UNLOCK_TRY_COMMIT sessionId=40 uptime=106670409 resumed=false focus=true keyguardLocked=true wasBelowKeyguard=true prepared=true pending=false consumed=false running=false screenOffVisible=false detail=PREPARE_READY
I/UnlockAnimation(24234): UNLOCK_SKIP_NO_DISMISS sessionId=40 uptime=106670414 resumed=false focus=true keyguardLocked=true wasBelowKeyguard=true prepared=true pending=false consumed=false running=false screenOffVisible=false detail=PREPARE_READY
I/UnlockAnimation(24234): UNLOCK_WINDOW_FOCUS_FALSE sessionId=40 uptime=106670421 resumed=false focus=false keyguardLocked=true wasBelowKeyguard=true prepared=true pending=false consumed=false running=false screenOffVisible=false
I/UnlockAnimation(24234): UNLOCK_LAUNCHER_RESUME sessionId=40 uptime=106673298 resumed=true focus=false keyguardLocked=true wasBelowKeyguard=true prepared=true pending=false consumed=false running=false screenOffVisible=false
I/UnlockAnimation(24234): UNLOCK_TRY_COMMIT sessionId=40 uptime=106673298 resumed=true focus=false keyguardLocked=true wasBelowKeyguard=true prepared=true pending=false consumed=false running=false screenOffVisible=false detail=RESUME
I/UnlockAnimation(24234): UNLOCK_SKIP_NO_DISMISS sessionId=40 uptime=106673299 resumed=true focus=false keyguardLocked=true wasBelowKeyguard=true prepared=true pending=false consumed=false running=false screenOffVisible=false detail=RESUME
I/UnlockAnimation(24234): UNLOCK_USER_PRESENT sessionId=40 uptime=106675011 resumed=true focus=false keyguardLocked=false wasBelowKeyguard=true prepared=true pending=false consumed=false running=false screenOffVisible=false detail=android.intent.action.USER_PRESENT
I/UnlockAnimation(24234): UNLOCK_DISMISS_PENDING sessionId=40 uptime=106675011 resumed=true focus=false keyguardLocked=false wasBelowKeyguard=true prepared=true pending=true consumed=false running=false screenOffVisible=false detail=android.intent.action.USER_PRESENT
I/UnlockAnimation(24234): UNLOCK_TRY_COMMIT sessionId=40 uptime=106675014 resumed=true focus=false keyguardLocked=false wasBelowKeyguard=true prepared=true pending=true consumed=false running=false screenOffVisible=false detail=DISMISS
I/UnlockAnimation(24234): UNLOCK_SKIP_NO_FOCUS sessionId=40 uptime=106675019 resumed=true focus=false keyguardLocked=false wasBelowKeyguard=true prepared=true pending=true consumed=false running=false screenOffVisible=false detail=DISMISS
I/UnlockAnimation(24234): UNLOCK_WINDOW_FOCUS_TRUE sessionId=40 uptime=106675217 resumed=true focus=true keyguardLocked=false wasBelowKeyguard=true prepared=true pending=true consumed=false running=false screenOffVisible=false
I/UnlockAnimation(24234): UNLOCK_TRY_COMMIT sessionId=40 uptime=106675218 resumed=true focus=true keyguardLocked=false wasBelowKeyguard=true prepared=true pending=true consumed=false running=false screenOffVisible=false detail=WINDOW_FOCUS
I/UnlockAnimation(24234): UNLOCK_SESSION_CONSUMED sessionId=40 uptime=106675221 resumed=true focus=true keyguardLocked=false wasBelowKeyguard=true prepared=true pending=false consumed=true running=false screenOffVisible=false detail=WINDOW_FOCUS
I/UnlockAnimation(24234): UNLOCK_COMMIT_PLAY sessionId=40 uptime=106675221 resumed=true focus=true keyguardLocked=false wasBelowKeyguard=true prepared=true pending=false consumed=true running=false screenOffVisible=false detail=WINDOW_FOCUS
I/UnlockAnimation(24234): UNLOCK_ORIGINAL_PLAY_DISPATCHED sessionId=40 uptime=106675222 resumed=true focus=true keyguardLocked=false wasBelowKeyguard=true prepared=true pending=false consumed=true running=false screenOffVisible=false
I/UnlockAnimation(24234): UNLOCK_ANIMATION_START sessionId=40 uptime=106675229 resumed=true focus=true keyguardLocked=false wasBelowKeyguard=true prepared=true pending=false consumed=true running=true screenOffVisible=false
I/UnlockAnimation(24234): UNLOCK_CANCEL_PLAY_TIMEOUT sessionId=40 uptime=106677725 resumed=true focus=true keyguardLocked=false wasBelowKeyguard=true prepared=true pending=false consumed=true running=true screenOffVisible=false
I/UnlockAnimation(24234): UNLOCK_FORCE_FINISH sessionId=40 uptime=106677726 resumed=true focus=true keyguardLocked=false wasBelowKeyguard=false prepared=false pending=false consumed=false running=false screenOffVisible=false
I/UnlockAnimation(24234): UNLOCK_ANIMATION_FINISH sessionId=40 uptime=106677765 resumed=true focus=true keyguardLocked=false wasBelowKeyguard=false prepared=false pending=false consumed=false running=false screenOffVisible=false
I/UnlockAnimation(24234): UNLOCK_LAUNCHER_PAUSE sessionId=40 uptime=106679456 resumed=false focus=true keyguardLocked=false wasBelowKeyguard=false prepared=false pending=false consumed=false running=false screenOffVisible=false
I/UnlockAnimation(24234): UNLOCK_SCREEN_OFF sessionId=40 uptime=106679931 resumed=false focus=true keyguardLocked=true wasBelowKeyguard=false prepared=false pending=false consumed=false running=false screenOffVisible=true
I/UnlockAnimation(24234): UNLOCK_SESSION_ARMED sessionId=41 uptime=106679933 resumed=false focus=true keyguardLocked=true wasBelowKeyguard=true prepared=false pending=false consumed=false running=false screenOffVisible=false
I/UnlockAnimation(24234): UNLOCK_PREPARE_BEGIN sessionId=41 uptime=106679934 resumed=false focus=true keyguardLocked=true wasBelowKeyguard=true prepared=false pending=false consumed=false running=false screenOffVisible=false
I/UnlockAnimation(24234): UNLOCK_PREPARE_READY sessionId=41 uptime=106679936 resumed=false focus=true keyguardLocked=true wasBelowKeyguard=true prepared=true pending=false consumed=false running=false screenOffVisible=false
I/UnlockAnimation(24234): UNLOCK_TRY_COMMIT sessionId=41 uptime=106679937 resumed=false focus=true keyguardLocked=true wasBelowKeyguard=true prepared=true pending=false consumed=false running=false screenOffVisible=false detail=PREPARE_READY
I/UnlockAnimation(24234): UNLOCK_SKIP_NO_DISMISS sessionId=41 uptime=106679938 resumed=false focus=true keyguardLocked=true wasBelowKeyguard=true prepared=true pending=false consumed=false running=false screenOffVisible=false detail=PREPARE_READY
I/UnlockAnimation(24234): UNLOCK_WINDOW_FOCUS_FALSE sessionId=41 uptime=106679942 resumed=false focus=false keyguardLocked=true wasBelowKeyguard=true prepared=true pending=false consumed=false running=false screenOffVisible=false
I/UnlockAnimation(24234): UNLOCK_LAUNCHER_RESUME sessionId=41 uptime=106683424 resumed=true focus=false keyguardLocked=true wasBelowKeyguard=true prepared=true pending=false consumed=false running=false screenOffVisible=false
I/UnlockAnimation(24234): UNLOCK_TRY_COMMIT sessionId=41 uptime=106683425 resumed=true focus=false keyguardLocked=true wasBelowKeyguard=true prepared=true pending=false consumed=false running=false screenOffVisible=false detail=RESUME
I/UnlockAnimation(24234): UNLOCK_SKIP_NO_DISMISS sessionId=41 uptime=106683426 resumed=true focus=false keyguardLocked=true wasBelowKeyguard=true prepared=true pending=false consumed=false running=false screenOffVisible=false detail=RESUME
I/UnlockAnimation(24234): UNLOCK_USER_PRESENT sessionId=41 uptime=106684959 resumed=true focus=false keyguardLocked=false wasBelowKeyguard=true prepared=true pending=false consumed=false running=false screenOffVisible=false detail=android.intent.action.USER_PRESENT
I/UnlockAnimation(24234): UNLOCK_DISMISS_PENDING sessionId=41 uptime=106684962 resumed=true focus=false keyguardLocked=false wasBelowKeyguard=true prepared=true pending=true consumed=false running=false screenOffVisible=false detail=android.intent.action.USER_PRESENT
I/UnlockAnimation(24234): UNLOCK_TRY_COMMIT sessionId=41 uptime=106684965 resumed=true focus=false keyguardLocked=false wasBelowKeyguard=true prepared=true pending=true consumed=false running=false screenOffVisible=false detail=DISMISS
I/UnlockAnimation(24234): UNLOCK_SKIP_NO_FOCUS sessionId=41 uptime=106684970 resumed=true focus=false keyguardLocked=false wasBelowKeyguard=true prepared=true pending=true consumed=false running=false screenOffVisible=false detail=DISMISS
I/UnlockAnimation(24234): UNLOCK_WINDOW_FOCUS_TRUE sessionId=41 uptime=106685195 resumed=true focus=true keyguardLocked=false wasBelowKeyguard=true prepared=true pending=true consumed=false running=false screenOffVisible=false
I/UnlockAnimation(24234): UNLOCK_TRY_COMMIT sessionId=41 uptime=106685196 resumed=true focus=true keyguardLocked=false wasBelowKeyguard=true prepared=true pending=true consumed=false running=false screenOffVisible=false detail=WINDOW_FOCUS
I/UnlockAnimation(24234): UNLOCK_SESSION_CONSUMED sessionId=41 uptime=106685202 resumed=true focus=true keyguardLocked=false wasBelowKeyguard=true prepared=true pending=false consumed=true running=false screenOffVisible=false detail=WINDOW_FOCUS
I/UnlockAnimation(24234): UNLOCK_COMMIT_PLAY sessionId=41 uptime=106685202 resumed=true focus=true keyguardLocked=false wasBelowKeyguard=true prepared=true pending=false consumed=true running=false screenOffVisible=false detail=WINDOW_FOCUS
I/UnlockAnimation(24234): UNLOCK_ORIGINAL_PLAY_DISPATCHED sessionId=41 uptime=106685203 resumed=true focus=true keyguardLocked=false wasBelowKeyguard=true prepared=true pending=false consumed=true running=false screenOffVisible=false
I/UnlockAnimation(24234): UNLOCK_ANIMATION_START sessionId=41 uptime=106685205 resumed=true focus=true keyguardLocked=false wasBelowKeyguard=true prepared=true pending=false consumed=true running=true screenOffVisible=false
I/UnlockAnimation(24234): UNLOCK_CANCEL_PLAY_TIMEOUT sessionId=41 uptime=106687706 resumed=true focus=true keyguardLocked=false wasBelowKeyguard=true prepared=true pending=false consumed=true running=true screenOffVisible=false
I/UnlockAnimation(24234): UNLOCK_FORCE_FINISH sessionId=41 uptime=106687706 resumed=true focus=true keyguardLocked=false wasBelowKeyguard=false prepared=false pending=false consumed=false running=false screenOffVisible=false
I/UnlockAnimation(24234): UNLOCK_ANIMATION_FINISH sessionId=41 uptime=106687774 resumed=true focus=true keyguardLocked=false wasBelowKeyguard=false prepared=false pending=false consumed=false running=false screenOffVisible=false
I/UnlockAnimation(24234): UNLOCK_LAUNCHER_PAUSE sessionId=41 uptime=106689472 resumed=false focus=true keyguardLocked=false wasBelowKeyguard=false prepared=false pending=false consumed=false running=false screenOffVisible=false
I/UnlockAnimation(24234): UNLOCK_SCREEN_OFF sessionId=41 uptime=106689951 resumed=false focus=true keyguardLocked=true wasBelowKeyguard=false prepared=false pending=false consumed=false running=false screenOffVisible=true
I/UnlockAnimation(24234): UNLOCK_SESSION_ARMED sessionId=42 uptime=106689953 resumed=false focus=true keyguardLocked=true wasBelowKeyguard=true prepared=false pending=false consumed=false running=false screenOffVisible=false
I/UnlockAnimation(24234): UNLOCK_PREPARE_BEGIN sessionId=42 uptime=106689955 resumed=false focus=true keyguardLocked=true wasBelowKeyguard=true prepared=false pending=false consumed=false running=false screenOffVisible=false
I/UnlockAnimation(24234): UNLOCK_PREPARE_READY sessionId=42 uptime=106689958 resumed=false focus=true keyguardLocked=true wasBelowKeyguard=true prepared=true pending=false consumed=false running=false screenOffVisible=false
I/UnlockAnimation(24234): UNLOCK_TRY_COMMIT sessionId=42 uptime=106689959 resumed=false focus=true keyguardLocked=true wasBelowKeyguard=true prepared=true pending=false consumed=false running=false screenOffVisible=false detail=PREPARE_READY
I/UnlockAnimation(24234): UNLOCK_SKIP_NO_DISMISS sessionId=42 uptime=106689961 resumed=false focus=true keyguardLocked=true wasBelowKeyguard=true prepared=true pending=false consumed=false running=false screenOffVisible=false detail=PREPARE_READY
I/UnlockAnimation(24234): UNLOCK_WINDOW_FOCUS_FALSE sessionId=42 uptime=106689962 resumed=false focus=false keyguardLocked=true wasBelowKeyguard=true prepared=true pending=false consumed=false running=false screenOffVisible=false
I/UnlockAnimation(24234): UNLOCK_LAUNCHER_RESUME sessionId=42 uptime=106693163 resumed=true focus=false keyguardLocked=true wasBelowKeyguard=true prepared=true pending=false consumed=false running=false screenOffVisible=false
I/UnlockAnimation(24234): UNLOCK_TRY_COMMIT sessionId=42 uptime=106693165 resumed=true focus=false keyguardLocked=true wasBelowKeyguard=true prepared=true pending=false consumed=false running=false screenOffVisible=false detail=RESUME
I/UnlockAnimation(24234): UNLOCK_SKIP_NO_DISMISS sessionId=42 uptime=106693166 resumed=true focus=false keyguardLocked=true wasBelowKeyguard=true prepared=true pending=false consumed=false running=false screenOffVisible=false detail=RESUME
I/UnlockAnimation(24234): UNLOCK_USER_PRESENT sessionId=42 uptime=106695074 resumed=true focus=false keyguardLocked=false wasBelowKeyguard=true prepared=true pending=false consumed=false running=false screenOffVisible=false detail=android.intent.action.USER_PRESENT
I/UnlockAnimation(24234): UNLOCK_DISMISS_PENDING sessionId=42 uptime=106695074 resumed=true focus=false keyguardLocked=false wasBelowKeyguard=true prepared=true pending=true consumed=false running=false screenOffVisible=false detail=android.intent.action.USER_PRESENT
I/UnlockAnimation(24234): UNLOCK_TRY_COMMIT sessionId=42 uptime=106695077 resumed=true focus=false keyguardLocked=false wasBelowKeyguard=true prepared=true pending=true consumed=false running=false screenOffVisible=false detail=DISMISS
I/UnlockAnimation(24234): UNLOCK_SKIP_NO_FOCUS sessionId=42 uptime=106695079 resumed=true focus=false keyguardLocked=false wasBelowKeyguard=true prepared=true pending=true consumed=false running=false screenOffVisible=false detail=DISMISS
I/UnlockAnimation(24234): UNLOCK_WINDOW_FOCUS_TRUE sessionId=42 uptime=106695250 resumed=true focus=true keyguardLocked=false wasBelowKeyguard=true prepared=true pending=true consumed=false running=false screenOffVisible=false
I/UnlockAnimation(24234): UNLOCK_TRY_COMMIT sessionId=42 uptime=106695251 resumed=true focus=true keyguardLocked=false wasBelowKeyguard=true prepared=true pending=true consumed=false running=false screenOffVisible=false detail=WINDOW_FOCUS
I/UnlockAnimation(24234): UNLOCK_SESSION_CONSUMED sessionId=42 uptime=106695254 resumed=true focus=true keyguardLocked=false wasBelowKeyguard=true prepared=true pending=false consumed=true running=false screenOffVisible=false detail=WINDOW_FOCUS
I/UnlockAnimation(24234): UNLOCK_COMMIT_PLAY sessionId=42 uptime=106695254 resumed=true focus=true keyguardLocked=false wasBelowKeyguard=true prepared=true pending=false consumed=true running=false screenOffVisible=false detail=WINDOW_FOCUS
I/UnlockAnimation(24234): UNLOCK_ORIGINAL_PLAY_DISPATCHED sessionId=42 uptime=106695281 resumed=true focus=true keyguardLocked=false wasBelowKeyguard=true prepared=true pending=false consumed=true running=false screenOffVisible=false
I/UnlockAnimation(24234): UNLOCK_ANIMATION_START sessionId=42 uptime=106695307 resumed=true focus=true keyguardLocked=false wasBelowKeyguard=true prepared=true pending=false consumed=true running=true screenOffVisible=false
I/UnlockAnimation(24234): UNLOCK_CANCEL_PLAY_TIMEOUT sessionId=42 uptime=106697785 resumed=true focus=true keyguardLocked=false wasBelowKeyguard=true prepared=true pending=false consumed=true running=true screenOffVisible=false
I/UnlockAnimation(24234): UNLOCK_FORCE_FINISH sessionId=42 uptime=106697786 resumed=true focus=true keyguardLocked=false wasBelowKeyguard=false prepared=false pending=false consumed=false running=false screenOffVisible=false
I/UnlockAnimation(24234): UNLOCK_ANIMATION_FINISH sessionId=42 uptime=106697856 resumed=true focus=true keyguardLocked=false wasBelowKeyguard=false prepared=false pending=false consumed=false running=false screenOffVisible=false
